Time t / s,Current I_A1 / A,Voltage U_B1 / V,Voltage U_B2 / V,Voltage U_A2 / V
0,0.03315,2.1555,0.1155,0.2175
0.1,0.03325,2.1555,0.1155,0.2145
0.2,0.0332,2.1555,0.1155,0.2145
0.3,0.0332,2.1555,0.1155,0.2145
0.399,0.0332,2.1555,0.1155,0.2145
0.5,0.0332,2.1555,0.1125,0.2145
0.6,0.0332,2.1525,0.096,0.2145
0.699,0.0332,2.1525,0.0975,0.2145
0.8,0.0332,2.1525,0.0975,0.2145
0.9,0.0332,2.1525,0.0975,0.2145
1,0.0332,2.1525,0.0975,0.2145
1.099,0.0332,2.1525,0.0975,0.216
1.2,0.0331,2.1525,0.0975,0.2145
1.3,0.0332,2.1525,0.096,0.216
1.4,0.0332,2.1525,0.096,0.216
1.5,0.0332,2.1525,0.096,0.2175
1.6,0.0331,2.1525,0.096,0.2175
1.7,0.0331,2.1525,0.0975,0.2175
1.8,0.0332,2.154,0.096,0.219
1.9,0.0332,2.154,0.096,0.222
2,0.0331,2.154,0.096,0.222
2.1,0.0332,2.1555,0.0975,0.2235
2.2,0.0332,2.1555,0.0975,0.2235
2.299,0.0332,2.157,0.099,0.225
2.399,0.03315,2.1585,0.099,0.2265
2.5,0.03315,2.1585,0.099,0.228
2.599,0.03325,2.16,0.099,0.2295
2.7,0.03315,2.16,0.099,0.231
2.799,0.0332,2.1615,0.099,0.2325
2.899,0.03315,2.163,0.1005,0.234
3.001,0.03305,2.1645,0.1005,0.2355
3.1,0.03305,2.166,0.1005,0.237
3.199,0.03315,2.166,0.1005,0.2385
3.3,0.03305,2.1675,0.1005,0.24
3.399,0.03315,2.169,0.1005,0.2415
3.5,0.033,2.1705,0.1005,0.2445
3.6,0.033,2.172,0.1005,0.2445
3.7,0.0331,2.1735,0.102,0.2445
3.799,0.0331,2.175,0.102,0.246
3.9,0.033,2.178,0.1035,0.249
3.999,0.03315,2.1795,0.1035,0.249
4.1,0.0331,2.181,0.1035,0.2505
4.2,0.0331,2.1825,0.1035,0.2535
4.299,0.0331,2.184,0.1035,0.2535
4.4,0.0331,2.187,0.1065,0.255
4.5,0.0331,2.1885,0.1065,0.258
4.599,0.0331,2.19,0.1095,0.258
4.7,0.03305,2.193,0.1095,0.261
4.801,0.0332,2.1945,0.1125,0.2625
4.901,0.0331,2.1975,0.117,0.264
4.999,0.03305,2.199,0.1185,0.264
5.1,0.0331,2.202,0.1185,0.267
5.201,0.03315,2.2035,0.1185,0.2685
5.299,0.03305,2.205,0.1185,0.2685
5.399,0.03305,2.208,0.12,0.27
5.5,0.03315,2.2095,0.12,0.2715
5.6,0.03305,2.211,0.1215,0.273
5.7,0.03315,2.214,0.123,0.2745
5.8,0.0332,2.217,0.1275,0.276
5.9,0.033,2.22,0.129,0.2775
6,0.03305,2.223,0.144,0.279
6.099,0.03305,2.226,0.1455,0.2805
6.201,0.0332,2.2275,0.1455,0.2835
6.299,0.033,2.2305,0.1455,0.2835
6.4,0.03315,2.232,0.147,0.2865
6.5,0.033,2.2335,0.147,0.2865
6.6,0.033,2.2365,0.1455,0.288
6.699,0.033,2.238,0.1455,0.2895
6.801,0.0332,2.241,0.147,0.2925
6.9,0.033,2.2425,0.147,0.2925
7,0.03305,2.2455,0.147,0.294
7.1,0.03315,2.247,0.147,0.2955
7.201,0.0332,2.2485,0.147,0.2985
7.3,0.03305,2.2515,0.147,0.3
7.4,0.03305,2.253,0.147,0.3
7.5,0.0332,2.256,0.147,0.3015
7.6,0.03305,2.2575,0.147,0.3015
7.7,0.0332,2.259,0.147,0.306
7.799,0.03315,2.262,0.147,0.3045
7.9,0.0332,2.2635,0.147,0.3075
8.001,0.0332,2.265,0.147,0.309
8.101,0.0332,2.268,0.147,0.3105
8.199,0.03315,2.2695,0.147,0.3105
8.3,0.0332,2.2725,0.147,0.3135
8.401,0.0332,2.274,0.147,0.315
8.5,0.03315,2.2755,0.147,0.315
8.6,0.0332,2.2785,0.147,0.318
8.701,0.0332,2.28,0.147,0.3195
8.8,0.0332,2.283,0.147,0.3195
8.9,0.03315,2.2845,0.147,0.321
9,0.03315,2.2875,0.147,0.3255
9.1,0.03315,2.289,0.147,0.324
9.2,0.0332,2.292,0.147,0.3255
9.3,0.0332,2.2935,0.147,0.327
9.401,0.0332,2.295,0.147,0.33
9.5,0.0332,2.298,0.147,0.33
9.601,0.0332,2.2995,0.147,0.3315
9.7,0.0332,2.3025,0.147,0.333
9.8,0.0332,2.304,0.147,0.3345
9.9,0.0332,2.3055,0.147,0.336
10,0.0332,2.3085,0.147,0.3375
10.1,0.03315,2.31,0.147,0.339
10.201,0.0333,2.313,0.147,0.342
10.3,0.03315,2.3145,0.1485,0.3405
10.4,0.0332,2.316,0.1485,0.3435
10.5,0.0332,2.319,0.147,0.345
10.6,0.0332,2.3205,0.1485,0.3465
10.701,0.0332,2.3235,0.1485,0.348
10.8,0.0332,2.325,0.15,0.348
10.9,0.0332,2.328,0.1485,0.3495
11,0.0332,2.3295,0.15,0.351
11.1,0.03315,2.3325,0.15,0.3525
11.199,0.03315,2.334,0.1485,0.354
11.3,0.03315,2.3355,0.1485,0.3555
11.4,0.0332,2.3385,0.15,0.357
11.5,0.03315,2.34,0.1485,0.3585
11.6,0.0332,2.343,0.15,0.3585
11.7,0.03315,2.3445,0.15,0.36
11.8,0.0332,2.3475,0.15,0.3615
11.9,0.0332,2.349,0.15,0.3645
12,0.03315,2.3505,0.15,0.366
12.1,0.0332,2.3535,0.15,0.366
12.2,0.0332,2.355,0.15,0.3675
12.299,0.0332,2.3565,0.15,0.369
12.4,0.03315,2.3595,0.15,0.3705
12.501,0.0332,2.361,0.15,0.372
12.6,0.03315,2.364,0.15,0.3735
12.7,0.0332,2.3655,0.15,0.375
12.801,0.0332,2.367,0.15,0.3765
12.9,0.03315,2.37,0.15,0.378
13,0.0332,2.3715,0.15,0.3795
13.1,0.0332,2.3745,0.15,0.381
13.2,0.0332,2.376,0.15,0.381
13.3,0.0332,2.379,0.15,0.384
13.401,0.0332,2.3805,0.15,0.384
13.501,0.0332,2.382,0.15,0.3855
13.601,0.0332,2.385,0.15,0.3885
13.7,0.0332,2.3865,0.15,0.3885
13.8,0.0332,2.3895,0.15,0.39
13.901,0.0332,2.391,0.15,0.3915
14,0.0332,2.3925,0.15,0.393
14.1,0.0332,2.3955,0.15,0.3945
14.2,0.0332,2.397,0.15,0.3945
14.3,0.03315,2.3985,0.15,0.396
14.399,0.0332,2.4015,0.15,0.3975
14.5,0.03315,2.403,0.15,0.4005
14.6,0.0332,2.4045,0.15,0.4005
14.7,0.03315,2.4075,0.15,0.402
14.799,0.03315,2.409,0.15,0.4035
14.9,0.0332,2.4105,0.15,0.405
15,0.03315,2.4135,0.15,0.4065
15.1,0.0332,2.415,0.15,0.408
15.2,0.03315,2.4165,0.15,0.4095
15.3,0.0332,2.4195,0.15,0.4095
15.4,0.0332,2.421,0.15,0.411
15.5,0.03315,2.4225,0.15,0.4125
15.599,0.0332,2.4255,0.15,0.414
15.7,0.0332,2.427,0.15,0.4155
15.8,0.0332,2.43,0.15,0.417
15.9,0.03315,2.4315,0.15,0.4185
16,0.0332,2.433,0.15,0.42
16.1,0.0332,2.436,0.15,0.4215
16.2,0.03315,2.4375,0.15,0.423
16.3,0.0332,2.439,0.15,0.423
16.4,0.0332,2.442,0.15,0.4245
16.5,0.0332,2.4435,0.15,0.426
16.6,0.0332,2.445,0.15,0.4275
16.7,0.0332,2.448,0.15,0.429
16.799,0.0332,2.4495,0.15,0.4305
16.9,0.0332,2.451,0.15,0.432
17,0.0332,2.4525,0.15,0.432
17.099,0.0332,2.4555,0.15,0.435
17.2,0.0332,2.457,0.15,0.4365
17.3,0.03315,2.4585,0.15,0.4365
17.4,0.0332,2.4615,0.1515,0.438
17.5,0.03315,2.463,0.15,0.4395
17.6,0.0332,2.4645,0.1515,0.441
17.701,0.0332,2.4675,0.1515,0.4425
17.801,0.03325,2.469,0.15,0.4455
17.9,0.0332,2.4705,0.15,0.444
18,0.0332,2.472,0.15,0.4455
18.099,0.03315,2.475,0.15,0.447
18.199,0.0332,2.4765,0.15,0.4485
18.3,0.0332,2.478,0.1515,0.45
18.4,0.0332,2.4795,0.1515,0.4515
18.5,0.0332,2.4825,0.1515,0.453
18.6,0.0332,2.484,0.1515,0.456
18.7,0.03315,2.4855,0.15,0.456
18.8,0.0332,2.4885,0.1515,0.4575
18.9,0.0332,2.49,0.1515,0.4575
18.999,0.0332,2.4915,0.1515,0.459
19.099,0.0332,2.4945,0.1515,0.4605
19.2,0.0332,2.496,0.15,0.4635
19.3,0.0332,2.4975,0.1515,0.4635
19.4,0.0332,2.499,0.1515,0.465
19.5,0.03315,2.5005,0.1515,0.4665
19.599,0.0332,2.502,0.1515,0.4665
19.699,0.0332,2.505,0.1515,0.468
19.799,0.03315,2.5065,0.1515,0.4695
19.9,0.0332,2.508,0.1515,0.471
20,0.03325,2.5095,0.1515,0.474
20.1,0.0332,2.511,0.15,0.4755
20.2,0.0332,2.5125,0.1515,0.4755
20.3,0.03325,2.5155,0.1515,0.477
20.4,0.03325,2.517,0.1515,0.4785
20.499,0.0332,2.5185,0.1515,0.48
20.6,0.03315,2.52,0.1515,0.48
20.699,0.03315,2.523,0.1515,0.4815
20.799,0.03315,2.5245,0.1515,0.483
20.9,0.0332,2.526,0.1515,0.4845
20.999,0.0332,2.5275,0.1515,0.4845
21.099,0.03315,2.529,0.1515,0.4875
21.2,0.0332,2.532,0.1515,0.489
21.3,0.0332,2.5335,0.15,0.489
21.399,0.0333,2.535,0.15,0.492
21.499,0.0332,2.5365,0.1515,0.492
21.599,0.03315,2.538,0.1515,0.4935
21.7,0.03315,2.541,0.15,0.495
21.8,0.03315,2.5425,0.1515,0.4965
21.9,0.0332,2.544,0.1515,0.498
22,0.0333,2.5455,0.15,0.4995
22.1,0.0332,2.547,0.15,0.4995
22.201,0.0333,2.5485,0.1515,0.5025
22.299,0.03315,2.55,0.1515,0.5025
22.401,0.0333,2.5515,0.15,0.5055
22.5,0.0332,2.553,0.15,0.5055
22.6,0.0332,2.5545,0.15,0.507
22.701,0.0333,2.556,0.15,0.5085
22.799,0.0332,2.5575,0.15,0.51
22.901,0.03325,2.559,0.15,0.5115
23,0.03325,2.5605,0.15,0.5115
23.1,0.0333,2.562,0.15,0.513
23.2,0.0333,2.5635,0.15,0.5145
23.3,0.03325,2.565,0.15,0.516
23.4,0.03325,2.568,0.15,0.5175
23.5,0.0333,2.568,0.15,0.519
23.6,0.03325,2.5695,0.15,0.5205
23.699,0.03325,2.5725,0.15,0.522
23.8,0.03325,2.574,0.15,0.522
23.899,0.0332,2.5755,0.15,0.5235
24,0.03325,2.577,0.15,0.525
24.1,0.0333,2.5785,0.15,0.5265
24.2,0.03325,2.58,0.15,0.528
24.301,0.03325,2.5815,0.15,0.528
24.4,0.03325,2.583,0.15,0.5295
24.5,0.03325,2.5845,0.15,0.531
24.599,0.0333,2.586,0.15,0.5325
24.701,0.0332,2.5875,0.15,0.534
24.8,0.03325,2.589,0.15,0.5355
24.9,0.0333,2.5905,0.15,0.5355
25,0.0333,2.592,0.15,0.537
25.099,0.03325,2.592,0.15,0.5385
25.199,0.03325,2.5935,0.15,0.54
25.299,0.0333,2.595,0.15,0.5415
25.4,0.0333,2.5965,0.15,0.543
25.501,0.03325,2.598,0.15,0.543
25.6,0.0333,2.5995,0.15,0.5445
25.7,0.03325,2.601,0.15,0.546
25.799,0.0333,2.6025,0.15,0.5475
25.9,0.0333,2.604,0.15,0.549
25.999,0.0332,2.6055,0.15,0.549
26.099,0.0333,2.6055,0.15,0.552
26.2,0.03325,2.607,0.15,0.552
26.3,0.0333,2.6085,0.15,0.5535
26.4,0.03325,2.61,0.15,0.555
26.5,0.0333,2.6115,0.1485,0.5565
26.6,0.03325,2.613,0.15,0.558
26.7,0.0333,2.6145,0.1485,0.5595
26.799,0.0332,2.6145,0.15,0.561
26.9,0.03325,2.616,0.1485,0.561
26.999,0.0333,2.6175,0.1485,0.5625
27.1,0.0333,2.619,0.1485,0.564
27.2,0.0333,2.6205,0.1485,0.5655
27.299,0.0333,2.6205,0.1485,0.567
27.4,0.0332,2.622,0.1485,0.5685
27.501,0.0332,2.6235,0.1485,0.5685
27.601,0.0332,2.625,0.1485,0.57
27.7,0.03325,2.6265,0.1485,0.5715
27.8,0.0333,2.6265,0.1485,0.573
27.9,0.0333,2.628,0.1485,0.5745
28,0.03325,2.6295,0.1485,0.5745
28.1,0.0332,2.631,0.1485,0.576
28.2,0.03325,2.631,0.1485,0.5775
28.301,0.03325,2.6325,0.1485,0.579
28.4,0.0332,2.634,0.1485,0.5805
28.501,0.03315,2.634,0.1485,0.582
28.601,0.0332,2.6355,0.1485,0.582
28.699,0.03325,2.637,0.1485,0.5835
28.799,0.03325,2.6385,0.1485,0.585
28.901,0.0332,2.6385,0.147,0.5865
28.999,0.0333,2.64,0.1485,0.5865
29.1,0.03325,2.64,0.1485,0.588
29.199,0.03325,2.6415,0.1485,0.5895
29.299,0.03325,2.6415,0.147,0.591
29.4,0.0332,2.643,0.1485,0.5925
29.5,0.03325,2.6445,0.147,0.5925
29.6,0.03325,2.6445,0.147,0.594
29.7,0.0332,2.646,0.147,0.5955
29.799,0.03325,2.646,0.147,0.597
29.901,0.03315,2.6475,0.147,0.5985
30,0.03325,2.649,0.147,0.6
30.1,0.03325,2.649,0.147,0.6015
30.2,0.03325,2.6505,0.147,0.6015
30.3,0.03325,2.6505,0.147,0.603
30.399,0.03325,2.652,0.147,0.6045
30.5,0.0332,2.652,0.147,0.606
30.601,0.0331,2.6535,0.147,0.6075
30.7,0.03325,2.6535,0.147,0.609
30.801,0.03315,2.655,0.147,0.609
30.9,0.0332,2.655,0.147,0.6105
31.001,0.03315,2.6565,0.1455,0.612
31.099,0.0332,2.6565,0.1455,0.6135
31.2,0.03325,2.658,0.1455,0.615
31.302,0.03305,2.658,0.1455,0.615
31.401,0.03305,2.658,0.1455,0.618
31.501,0.03315,2.6595,0.1455,0.618
31.601,0.03315,2.6595,0.1455,0.6195
31.7,0.03315,2.661,0.1455,0.621
31.8,0.03315,2.661,0.1455,0.6225
31.901,0.03315,2.661,0.1455,0.624
32.001,0.03315,2.6625,0.1455,0.624
32.1,0.03315,2.6625,0.1455,0.6255
32.201,0.03315,2.6625,0.1455,0.627
32.301,0.03315,2.664,0.1455,0.6285
32.4,0.03315,2.664,0.1455,0.6285
32.5,0.03315,2.664,0.1455,0.63
32.601,0.033,2.6655,0.1455,0.6315
32.701,0.0331,2.6655,0.1455,0.633
32.8,0.03315,2.6655,0.144,0.6345
32.9,0.0331,2.667,0.144,0.6345
33,0.0331,2.667,0.144,0.636
33.101,0.0331,2.667,0.144,0.6375
33.2,0.0332,2.667,0.144,0.639
33.3,0.0332,2.667,0.144,0.639
33.399,0.03315,2.6685,0.144,0.6405
33.501,0.033,2.6685,0.144,0.642
33.6,0.0332,2.6685,0.144,0.6435
33.7,0.0332,2.6685,0.144,0.645
33.8,0.0331,2.6685,0.144,0.6465
33.901,0.03295,2.67,0.144,0.6465
34,0.0332,2.67,0.144,0.648
34.1,0.0331,2.67,0.1425,0.6495
34.2,0.0331,2.67,0.144,0.651
34.301,0.03305,2.67,0.1425,0.651
34.4,0.03315,2.67,0.1425,0.6525
34.5,0.03305,2.67,0.1425,0.654
34.601,0.03305,2.67,0.1425,0.6555
34.7,0.03305,2.67,0.1425,0.657
34.801,0.03305,2.67,0.1425,0.6585
34.9,0.03305,2.67,0.1425,0.6585
35,0.03305,2.67,0.1425,0.66
35.101,0.03305,2.67,0.1425,0.6615
35.199,0.0332,2.67,0.141,0.663
35.3,0.03315,2.67,0.141,0.6645
35.401,0.0331,2.67,0.141,0.6645
35.5,0.033,2.67,0.141,0.666
35.601,0.03315,2.67,0.141,0.6675
35.7,0.033,2.67,0.141,0.669
35.8,0.03315,2.67,0.141,0.6705
35.901,0.033,2.67,0.141,0.6705
36,0.03315,2.67,0.141,0.672
36.101,0.03315,2.67,0.1395,0.6735
36.2,0.033,2.67,0.1395,0.6735
36.3,0.033,2.6685,0.141,0.6735
36.4,0.033,2.6685,0.1395,0.6765
36.5,0.0331,2.6685,0.1395,0.678
36.601,0.033,2.6685,0.1395,0.678
36.702,0.03315,2.6685,0.1395,0.678
36.801,0.03315,2.667,0.1395,0.681
36.901,0.03295,2.667,0.1395,0.6825
37,0.03305,2.667,0.1395,0.684
37.1,0.033,2.667,0.138,0.684
37.2,0.033,2.6655,0.138,0.6855
37.301,0.033,2.6655,0.138,0.687
37.401,0.033,2.6655,0.138,0.6885
37.5,0.033,2.664,0.138,0.6885
37.601,0.0332,2.664,0.138,0.69
37.701,0.033,2.664,0.138,0.6915
37.801,0.03305,2.6625,0.138,0.693
37.9,0.033,2.6625,0.138,0.693
38.001,0.03315,2.6625,0.1365,0.6945
38.101,0.03305,2.661,0.1365,0.696
38.2,0.0331,2.661,0.1365,0.6975
38.3,0.03305,2.6595,0.1365,0.6975
38.401,0.03305,2.6595,0.1365,0.7005
38.501,0.0331,2.658,0.1365,0.7005
38.6,0.0331,2.658,0.1365,0.702
38.701,0.03315,2.658,0.1365,0.702
38.8,0.033,2.6565,0.135,0.705
38.9,0.03325,2.6565,0.135,0.702
39,0.03315,2.655,0.135,0.7065
39.101,0.03315,2.6535,0.135,0.705
39.201,0.03315,2.6535,0.135,0.7095
39.301,0.03315,2.652,0.135,0.711
39.401,0.03315,2.652,0.135,0.711
39.501,0.03315,2.6505,0.1335,0.7125
39.6,0.033,2.649,0.1335,0.714
39.7,0.03315,2.649,0.1335,0.7155
39.8,0.03315,2.6475,0.1335,0.717
39.9,0.033,2.646,0.1335,0.717
40.001,0.03315,2.646,0.1335,0.7185
40.1,0.03315,2.6445,0.1335,0.7185
40.201,0.03315,2.643,0.132,0.72
40.301,0.0332,2.643,0.132,0.7215
40.401,0.03315,2.6415,0.132,0.7215
40.5,0.03315,2.64,0.132,0.723
40.601,0.03315,2.64,0.132,0.7245
40.701,0.03315,2.6385,0.132,0.726
40.8,0.03315,2.637,0.132,0.7275
40.901,0.03315,2.6355,0.1305,0.729
41.001,0.03315,2.634,0.1305,0.729
41.101,0.03315,2.634,0.1305,0.7305
41.2,0.033,2.6325,0.1305,0.732
41.299,0.033,2.631,0.1305,0.7335
41.4,0.033,2.6295,0.1305,0.735
41.499,0.03305,2.628,0.129,0.735
41.6,0.03315,2.6265,0.129,0.7365
41.701,0.03315,2.625,0.129,0.7365
41.8,0.03305,2.6235,0.129,0.7395
41.899,0.03305,2.622,0.129,0.741
42.001,0.03315,2.6205,0.129,0.741
42.1,0.03315,2.619,0.129,0.7425
42.2,0.03305,2.6175,0.1275,0.744
42.3,0.03305,2.616,0.1275,0.7455
42.4,0.0331,2.6145,0.1275,0.7455
42.499,0.0331,2.613,0.1275,0.747
42.601,0.03315,2.6115,0.1275,0.747
42.7,0.0331,2.61,0.126,0.75
42.801,0.0332,2.6085,0.126,0.75
42.901,0.0332,2.6055,0.126,0.7515
43,0.03315,2.604,0.126,0.7515
43.1,0.03315,2.6025,0.126,0.753
43.2,0.0332,2.601,0.126,0.7545
43.299,0.03315,2.5995,0.126,0.756
43.4,0.0332,2.598,0.1245,0.7575
43.5,0.03315,2.595,0.1245,0.759
43.601,0.03315,2.5935,0.1245,0.759
43.701,0.03315,2.592,0.1245,0.7605
43.8,0.03315,2.5905,0.1245,0.762
43.901,0.0332,2.5875,0.1245,0.762
44.001,0.03315,2.586,0.123,0.7635
44.099,0.03315,2.5845,0.123,0.765
44.201,0.03315,2.583,0.123,0.765
44.3,0.03315,2.58,0.123,0.768
44.4,0.03315,2.5785,0.123,0.768
44.501,0.03315,2.5755,0.123,0.768
44.6,0.03315,2.574,0.1215,0.7695
44.7,0.0332,2.571,0.1215,0.771
44.799,0.03315,2.5695,0.1215,0.7725
44.9,0.03315,2.568,0.1215,0.774
44.999,0.033,2.565,0.1215,0.7755
45.099,0.03315,2.5635,0.12,0.7755
45.2,0.03315,2.5605,0.12,0.777
45.301,0.03315,2.559,0.12,0.777
45.401,0.0332,2.556,0.12,0.7785
45.499,0.03315,2.5545,0.12,0.78
45.6,0.03315,2.5515,0.12,0.7815
45.701,0.03315,2.55,0.1185,0.7815
45.799,0.03315,2.547,0.1185,0.783
45.901,0.0332,2.544,0.1185,0.7845
45.999,0.03315,2.5425,0.1185,0.786
46.101,0.03315,2.5395,0.1185,0.786
46.2,0.03315,2.538,0.117,0.7875
46.3,0.03315,2.535,0.117,0.789
46.4,0.03315,2.5335,0.117,0.789
46.501,0.03315,2.5305,0.117,0.7905
46.599,0.03315,2.5275,0.117,0.792
46.701,0.03315,2.526,0.117,0.792
46.8,0.03315,2.523,0.1155,0.795
46.9,0.03315,2.52,0.1155,0.7965
47,0.03315,2.517,0.1155,0.7965
47.1,0.03315,2.514,0.1155,0.7965
47.2,0.03315,2.5125,0.1155,0.7995
47.301,0.0332,2.5095,0.1155,0.7995
47.4,0.03315,2.5065,0.114,0.801
47.499,0.03315,2.5035,0.114,0.8025
47.601,0.03315,2.502,0.114,0.8025
47.7,0.03315,2.499,0.1125,0.804
47.8,0.03315,2.496,0.1125,0.8055
47.901,0.03315,2.493,0.1125,0.8055
48,0.0332,2.49,0.1125,0.807
48.101,0.03315,2.487,0.1125,0.8085
48.2,0.03315,2.484,0.1125,0.81
48.301,0.0332,2.481,0.111,0.81
48.4,0.0332,2.478,0.111,0.813
48.501,0.03315,2.475,0.111,0.8145
48.6,0.03315,2.472,0.111,0.813
48.701,0.0332,2.469,0.111,0.8145
48.8,0.03315,2.466,0.111,0.816
48.9,0.0332,2.463,0.1095,0.8175
49,0.03315,2.46,0.1095,0.8175
49.101,0.0332,2.457,0.1095,0.819
49.201,0.03315,2.454,0.1095,0.8205
49.3,0.03315,2.451,0.108,0.8205
49.401,0.0332,2.448,0.108,0.822
49.501,0.0332,2.445,0.108,0.8235
49.6,0.03315,2.442,0.108,0.825
49.7,0.03315,2.439,0.108,0.8265
49.799,0.0332,2.436,0.1065,0.828
49.901,0.03315,2.4315,0.1065,0.8265
50.001,0.03315,2.4285,0.1065,0.8295
50.1,0.0332,2.4255,0.1065,0.8295
50.201,0.0332,2.4225,0.1065,0.831
50.3,0.03315,2.4195,0.105,0.8325
50.399,0.03315,2.415,0.105,0.834
50.501,0.0332,2.412,0.105,0.8325
50.6,0.03315,2.409,0.105,0.8355
50.7,0.03315,2.406,0.105,0.837
50.801,0.0332,2.403,0.1035,0.837
50.899,0.03315,2.4,0.1035,0.8385
51.001,0.03325,2.3955,0.1035,0.8385
51.101,0.03315,2.3925,0.1035,0.84
51.2,0.0332,2.3895,0.102,0.8415
51.301,0.0333,2.385,0.102,0.8415
51.4,0.03315,2.382,0.102,0.8445
51.5,0.0332,2.379,0.102,0.846
51.599,0.0332,2.3745,0.102,0.8475
51.7,0.03315,2.3715,0.102,0.846
51.801,0.03325,2.3685,0.1005,0.8475
51.9,0.0332,2.3655,0.1005,0.8505
52,0.0332,2.361,0.1005,0.852
52.101,0.0333,2.358,0.1005,0.8505
52.2,0.03315,2.3535,0.1005,0.8535
52.301,0.0333,2.3505,0.099,0.8535
52.401,0.0333,2.3475,0.099,0.8535
52.499,0.03315,2.3445,0.099,0.8565
52.601,0.0332,2.34,0.099,0.8565
52.7,0.0332,2.337,0.0975,0.858
52.8,0.03325,2.334,0.0975,0.858
52.901,0.0332,2.331,0.0975,0.8595
53,0.0332,2.3265,0.0975,0.861
53.1,0.0332,2.3235,0.0975,0.8625
53.2,0.03325,2.319,0.0975,0.8625
53.301,0.03325,2.316,0.096,0.8625
53.401,0.03325,2.3115,0.096,0.864
53.501,0.03325,2.307,0.096,0.8655
53.6,0.03325,2.304,0.096,0.867
53.701,0.0333,2.2995,0.096,0.867
53.802,0.03325,2.2965,0.0945,0.8685
53.901,0.0333,2.292,0.0945,0.87
54.001,0.03325,2.289,0.0945,0.87
54.101,0.0333,2.2845,0.0945,0.8715
54.2,0.0333,2.28,0.0945,0.873
54.301,0.03325,2.277,0.093,0.8745
54.4,0.03325,2.2725,0.093,0.8745
54.501,0.0333,2.268,0.093,0.876
54.6,0.0333,2.265,0.093,0.8775
54.701,0.03325,2.2605,0.093,0.8775
54.801,0.0333,2.2575,0.0915,0.879
54.9,0.0332,2.253,0.0915,0.8805
54.999,0.0332,2.2485,0.0915,0.8835
55.099,0.0332,2.244,0.0915,0.882
55.2,0.0333,2.241,0.0915,0.8835
55.301,0.0333,2.2365,0.09,0.885
55.4,0.0332,2.232,0.09,0.885
55.5,0.0333,2.229,0.09,0.8865
55.601,0.03325,2.2245,0.09,0.888
55.701,0.0333,2.22,0.09,0.888
55.801,0.0333,2.2155,0.0885,0.8895
55.9,0.03325,2.211,0.0885,0.891
56.001,0.03325,2.208,0.0885,0.8925
56.101,0.0333,2.2035,0.0885,0.8925
56.2,0.0333,2.199,0.0885,0.894
56.3,0.0333,2.196,0.087,0.8955
56.402,0.0332,2.19,0.087,0.8955
56.499,0.03325,2.187,0.087,0.897
56.6,0.0333,2.1825,0.087,0.8985
56.7,0.0333,2.178,0.0855,0.8985
56.8,0.0333,2.1735,0.0855,0.9
56.901,0.0332,2.169,0.0855,0.9015
56.999,0.0333,2.166,0.0855,0.903
57.101,0.0332,2.1615,0.0855,0.903
57.199,0.0333,2.157,0.084,0.9045
57.299,0.0333,2.1525,0.084,0.906
57.401,0.0332,2.148,0.084,0.9075
57.501,0.03325,2.145,0.084,0.9075
57.601,0.03325,2.1405,0.084,0.909
57.7,0.03325,2.136,0.084,0.9105
57.801,0.0332,2.1315,0.0825,0.9105
57.901,0.03325,2.127,0.0825,0.912
58,0.03325,2.1225,0.0825,0.9135
58.101,0.0332,2.118,0.0825,0.9135
58.201,0.0332,2.1135,0.0825,0.915
58.3,0.03325,2.1105,0.081,0.9165
58.399,0.0333,2.106,0.081,0.9165
58.501,0.0332,2.1015,0.081,0.918
58.601,0.0332,2.097,0.081,0.9225
58.701,0.0332,2.0925,0.081,0.9195
58.8,0.0332,2.088,0.0795,0.921
58.9,0.0332,2.0835,0.0795,0.9225
59,0.03325,2.079,0.0795,0.924
59.1,0.03325,2.0745,0.0795,0.924
59.2,0.0332,2.07,0.0795,0.9255
59.301,0.0332,2.0655,0.078,0.927
59.4,0.03325,2.0625,0.078,0.927
59.5,0.03325,2.058,0.078,0.9285
59.6,0.0332,2.052,0.078,0.93
59.7,0.0332,2.049,0.0765,0.93
59.8,0.0332,2.0445,0.0765,0.9315
59.9,0.0332,2.04,0.0765,0.933
60.001,0.0332,2.0355,0.0765,0.9345
60.1,0.03325,2.031,0.0765,0.9345
60.2,0.03325,2.0265,0.0765,0.936
60.299,0.03325,2.0205,0.075,0.9375
60.4,0.03325,2.0175,0.075,0.9375
60.5,0.03325,2.013,0.075,0.939
60.6,0.03325,2.0085,0.075,0.9405
60.7,0.03325,2.004,0.075,0.942
60.799,0.03325,1.9995,0.0735,0.942
60.9,0.0332,1.995,0.0735,0.9435
60.999,0.03325,1.9905,0.0735,0.945
61.1,0.0332,1.986,0.0735,0.945
61.199,0.03325,1.9815,0.0735,0.9465
61.301,0.0331,1.977,0.072,0.9465
61.4,0.03325,1.9725,0.072,0.948
61.499,0.0333,1.968,0.072,0.9495
61.599,0.03325,1.9635,0.072,0.951
61.701,0.0332,1.959,0.072,0.9525
61.8,0.03325,1.9545,0.072,0.9525
61.9,0.0332,1.95,0.072,0.954
62,0.0332,1.9455,0.0705,0.9555
62.1,0.03325,1.941,0.0705,0.9555
62.2,0.03325,1.9365,0.0705,0.957
62.3,0.0332,1.932,0.0705,0.9585
62.4,0.03325,1.9275,0.0705,0.9585
62.501,0.0332,1.923,0.069,0.96
62.599,0.0333,1.9185,0.069,0.9615
62.7,0.03325,1.914,0.069,0.9615
62.8,0.03315,1.9095,0.069,0.963
62.9,0.03305,1.905,0.069,0.963
63.001,0.03315,1.9005,0.069,0.9645
63.1,0.0332,1.896,0.0675,0.966
63.2,0.0332,1.8915,0.0675,0.9675
63.3,0.0332,1.887,0.0675,0.9675
63.399,0.03325,1.8825,0.0675,0.969
63.5,0.03315,1.878,0.0675,0.969
63.6,0.03315,1.8735,0.066,0.9705
63.7,0.0331,1.869,0.066,0.972
63.801,0.03315,1.8645,0.066,0.9735
63.9,0.03315,1.86,0.066,0.9735
64,0.03315,1.8555,0.066,0.975
64.1,0.0332,1.851,0.066,0.9765
64.201,0.0331,1.8465,0.0645,0.9765
64.301,0.03315,1.842,0.0645,0.978
64.401,0.03305,1.8375,0.0645,0.9795
64.5,0.0332,1.833,0.0645,0.981
64.6,0.0332,1.83,0.0645,0.981
64.7,0.0331,1.8255,0.0645,0.9825
64.801,0.033,1.821,0.063,0.984
64.9,0.0332,1.8165,0.063,0.984
65.001,0.0331,1.812,0.063,0.9855
65.1,0.0332,1.8075,0.063,0.987
65.2,0.0331,1.803,0.063,0.987
65.301,0.03305,1.7985,0.063,0.9885
65.401,0.0331,1.794,0.0615,0.99
65.5,0.0332,1.7895,0.0615,0.99
65.599,0.0332,1.785,0.0615,0.9915
65.701,0.0331,1.7805,0.0615,0.993
65.8,0.0331,1.776,0.0615,0.993
65.901,0.0331,1.773,0.0615,0.996
66.001,0.0331,1.7685,0.06,0.996
66.1,0.0332,1.764,0.06,0.996
66.2,0.0332,1.7595,0.06,1.0005
66.3,0.0331,1.755,0.06,0.999
66.401,0.03305,1.7505,0.06,0.999
66.5,0.03315,1.746,0.06,1.0035
66.601,0.03315,1.7415,0.06,1.002
66.701,0.03305,1.737,0.0585,1.0035
66.801,0.03305,1.7325,0.0585,1.0035
66.9,0.03305,1.728,0.0585,1.005
67.001,0.0332,1.7235,0.0585,1.0065
67.101,0.03305,1.719,0.0585,1.0065
67.2,0.03305,1.716,0.057,1.008
67.301,0.03305,1.71,0.0585,1.008
67.401,0.03305,1.707,0.057,1.0095
67.5,0.03305,1.7025,0.057,1.011
67.601,0.0332,1.698,0.057,1.0125
67.7,0.03305,1.6935,0.057,1.0125
67.801,0.0332,1.689,0.057,1.014
67.899,0.03315,1.6845,0.057,1.014
68.001,0.03305,1.68,0.0555,1.0155
68.101,0.03305,1.6755,0.057,1.017
68.2,0.033,1.671,0.0555,1.0185
68.301,0.033,1.668,0.0555,1.0185
68.4,0.033,1.6635,0.0555,1.02
68.5,0.03315,1.659,0.0555,1.02
68.601,0.033,1.6545,0.0555,1.0215
68.7,0.033,1.65,0.0555,1.023
68.801,0.03325,1.6455,0.054,1.0245
68.9,0.0331,1.641,0.054,1.0245
68.999,0.03315,1.6365,0.054,1.026
69.101,0.0332,1.632,0.054,1.0275
69.201,0.03305,1.629,0.054,1.029
69.3,0.0331,1.6245,0.0525,1.029
69.399,0.0331,1.62,0.0525,1.029
69.5,0.0331,1.6155,0.0525,1.0305
69.599,0.0331,1.611,0.0525,1.032
69.701,0.0332,1.6065,0.0525,1.0335
69.801,0.03305,1.6035,0.0525,1.0335
69.9,0.0331,1.599,0.0525,1.035
70,0.0331,1.5945,0.0525,1.0365
70.101,0.0331,1.59,0.051,1.038
70.199,0.03305,1.5855,0.051,1.038
70.301,0.03315,1.5825,0.051,1.0395
70.4,0.03315,1.578,0.051,1.041
70.501,0.03315,1.5735,0.051,1.041
70.599,0.03305,1.569,0.051,1.0425
70.701,0.03315,1.5645,0.051,1.044
70.8,0.03305,1.5615,0.051,1.044
70.9,0.0332,1.557,0.0495,1.0455
71.001,0.0332,1.5525,0.0495,1.047
71.101,0.0332,1.548,0.0495,1.0485
71.2,0.0332,1.545,0.0495,1.0485
71.3,0.0332,1.5405,0.0495,1.05
71.401,0.0332,1.536,0.0495,1.0515
71.501,0.0332,1.533,0.0495,1.053
71.6,0.0332,1.5285,0.0495,1.053
71.7,0.0332,1.524,0.0495,1.0545
71.801,0.0332,1.521,0.048,1.056
71.899,0.033,1.5165,0.048,1.056
72,0.0332,1.512,0.048,1.0575
72.101,0.0332,1.509,0.048,1.0575
72.2,0.03305,1.5045,0.048,1.0575
72.3,0.03305,1.5,0.048,1.059
72.4,0.0332,1.4955,0.048,1.0605
72.501,0.0332,1.4925,0.048,1.062
72.601,0.0332,1.488,0.048,1.0635
72.7,0.0332,1.485,0.048,1.0635
72.799,0.03305,1.4805,0.0465,1.0635
72.901,0.0332,1.476,0.0465,1.0665
73.001,0.0332,1.4715,0.0465,1.0665
73.101,0.0332,1.4685,0.0465,1.068
73.201,0.0332,1.464,0.0465,1.0695
73.301,0.0332,1.4595,0.0465,1.0695
73.4,0.03315,1.4565,0.0465,1.071
73.501,0.0332,1.452,0.0465,1.0725
73.6,0.0332,1.4475,0.045,1.074
73.7,0.0332,1.4445,0.045,1.0755
73.801,0.0332,1.44,0.045,1.077
73.901,0.0332,1.437,0.045,1.077
74,0.0332,1.4325,0.045,1.0785
74.101,0.0332,1.428,0.045,1.0785
74.2,0.0332,1.425,0.045,1.0785
74.3,0.0332,1.4205,0.045,1.08
74.4,0.03325,1.4175,0.045,1.0815
74.501,0.0332,1.413,0.0435,1.083
74.601,0.0332,1.41,0.0435,1.0845
74.701,0.0332,1.4055,0.0435,1.0845
74.801,0.0332,1.401,0.0435,1.086
74.902,0.03325,1.398,0.0435,1.0875
75,0.0332,1.3935,0.0435,1.0875
75.1,0.0332,1.3905,0.0435,1.0875
75.201,0.0332,1.3875,0.0435,1.0905
75.301,0.0332,1.383,0.0435,1.0905
75.4,0.0332,1.38,0.0435,1.092
75.5,0.0332,1.3755,0.042,1.0935
75.6,0.0332,1.3725,0.042,1.0935
75.699,0.03315,1.368,0.042,1.0935
75.8,0.0332,1.365,0.042,1.0965
75.9,0.0332,1.362,0.042,1.098
76.001,0.0332,1.3575,0.042,1.098
76.1,0.0332,1.3545,0.042,1.098
76.201,0.0332,1.35,0.042,1.0995
76.301,0.03325,1.347,0.042,1.101
76.4,0.0332,1.344,0.042,1.1025
76.5,0.0332,1.3395,0.042,1.1025
76.601,0.0332,1.3365,0.0405,1.104
76.699,0.0332,1.3335,0.0405,1.104
76.8,0.0332,1.329,0.0405,1.1055
76.9,0.0332,1.326,0.0405,1.1055
77,0.0332,1.3215,0.0405,1.1085
77.1,0.0332,1.3185,0.0405,1.1085
77.201,0.03325,1.314,0.0405,1.1115
77.301,0.0332,1.311,0.0405,1.11
77.399,0.0332,1.308,0.0405,1.11
77.5,0.03325,1.305,0.039,1.113
77.6,0.0332,1.3005,0.039,1.113
77.7,0.0332,1.2975,0.039,1.116
77.801,0.0332,1.2945,0.039,1.116
77.901,0.0332,1.2915,0.039,1.1175
78.001,0.0332,1.2885,0.039,1.1175
78.101,0.03325,1.284,0.039,1.119
78.201,0.0332,1.281,0.039,1.1205
78.301,0.03325,1.2765,0.039,1.1205
78.4,0.0332,1.2735,0.039,1.122
78.501,0.0333,1.2705,0.039,1.1235
78.599,0.0332,1.2675,0.0375,1.1235
78.699,0.0332,1.263,0.0375,1.125
78.801,0.03325,1.26,0.0375,1.1265
78.901,0.0332,1.2555,0.0375,1.1265
79,0.0332,1.2525,0.0375,1.128
79.1,0.0332,1.2495,0.0375,1.128
79.2,0.03325,1.2465,0.0375,1.1295
79.3,0.0332,1.2435,0.0375,1.131
79.399,0.0332,1.239,0.0375,1.1325
79.5,0.0332,1.236,0.0375,1.134
79.6,0.03325,1.233,0.0375,1.1325
79.699,0.0332,1.23,0.036,1.134
79.8,0.0332,1.227,0.036,1.1355
79.9,0.0332,1.2225,0.036,1.137
80,0.03325,1.2195,0.036,1.1385
80.101,0.03325,1.2165,0.036,1.14
80.2,0.03325,1.2135,0.036,1.14
80.301,0.0332,1.209,0.036,1.1415
80.4,0.03325,1.206,0.036,1.1415
80.499,0.0332,1.203,0.036,1.143
80.601,0.03325,1.2,0.036,1.1445
80.7,0.0332,1.197,0.036,1.1445
80.8,0.03325,1.194,0.036,1.146
80.9,0.0332,1.1895,0.036,1.1475
81,0.03325,1.1865,0.0345,1.149
81.1,0.03325,1.1835,0.0345,1.1505
81.2,0.03325,1.1805,0.0345,1.1505
81.301,0.03325,1.1775,0.0345,1.152
81.401,0.03325,1.173,0.0345,1.1535
81.5,0.03325,1.17,0.0345,1.1535
81.6,0.0333,1.167,0.0345,1.155
81.701,0.0333,1.164,0.0345,1.1565
81.8,0.03325,1.161,0.0345,1.1565
81.901,0.0333,1.158,0.0345,1.158
82,0.0333,1.155,0.0345,1.158
82.1,0.0333,1.152,0.0345,1.1595
82.201,0.0333,1.1475,0.033,1.161
82.3,0.0332,1.1445,0.033,1.161
82.4,0.0332,1.1415,0.033,1.1625
82.5,0.03325,1.1385,0.033,1.164
82.6,0.0333,1.1355,0.033,1.164
82.701,0.0333,1.1325,0.033,1.1655
82.801,0.0333,1.1295,0.033,1.167
82.901,0.0333,1.1265,0.033,1.167
83.001,0.03335,1.1235,0.033,1.1685
83.101,0.0333,1.119,0.033,1.17
83.199,0.03325,1.116,0.033,1.17
83.3,0.03335,1.113,0.033,1.1715
83.4,0.0333,1.11,0.0315,1.173
83.5,0.0333,1.107,0.0315,1.173
83.601,0.0333,1.104,0.0315,1.1745
83.7,0.03335,1.101,0.0315,1.176
83.8,0.0333,1.0995,0.0315,1.176
83.9,0.03335,1.095,0.0315,1.1775
84.001,0.03335,1.0935,0.0315,1.179
84.101,0.03335,1.089,0.0315,1.179
84.201,0.03335,1.086,0.0315,1.1805
84.299,0.0332,1.083,0.0315,1.1805
84.4,0.03335,1.0815,0.0315,1.182
84.5,0.0333,1.0785,0.0315,1.1835
84.601,0.03325,1.0755,0.0315,1.1835
84.701,0.03335,1.071,0.03,1.185
84.8,0.0333,1.0695,0.0315,1.1865
84.9,0.0333,1.0665,0.03,1.1865
85,0.03335,1.0635,0.03,1.188
85.101,0.03325,1.0605,0.03,1.1895
85.201,0.0333,1.0575,0.03,1.191
85.301,0.0332,1.0545,0.03,1.191
85.4,0.0333,1.0515,0.03,1.191
85.5,0.03325,1.0485,0.03,1.1925
85.601,0.0333,1.0455,0.03,1.194
85.7,0.03335,1.0425,0.03,1.1955
85.8,0.03335,1.0395,0.03,1.1955
85.9,0.0333,1.038,0.03,1.197
86.001,0.03325,1.035,0.03,1.1985
86.1,0.03335,1.032,0.03,1.1985
86.2,0.03325,1.029,0.03,1.2
86.301,0.03325,1.026,0.0285,1.2015
86.399,0.03335,1.023,0.03,1.2015
86.5,0.03325,1.02,0.0285,1.203
86.601,0.0333,1.017,0.0285,1.203
86.701,0.03325,1.014,0.0285,1.2045
86.8,0.03325,1.011,0.0285,1.206
86.9,0.03325,1.0095,0.0285,1.206
87.001,0.03325,1.0065,0.0285,1.2075
87.101,0.0332,1.0035,0.0285,1.209
87.2,0.03325,1.002,0.0285,1.209
87.3,0.03325,0.999,0.0285,1.2105
87.401,0.03325,0.996,0.0285,1.2105
87.501,0.03325,0.993,0.0285,1.212
87.6,0.03335,0.9915,0.0285,1.2135
87.7,0.0333,0.9885,0.0285,1.2135
87.8,0.03325,0.9855,0.027,1.215
87.901,0.03325,0.9825,0.027,1.2165
88,0.0333,0.981,0.027,1.2165
88.101,0.03325,0.978,0.027,1.218
88.2,0.03325,0.975,0.027,1.218
88.3,0.03325,0.972,0.027,1.2195
88.401,0.0332,0.969,0.027,1.221
88.5,0.03325,0.9675,0.027,1.221
88.601,0.0332,0.9645,0.027,1.2225
88.7,0.03325,0.9615,0.027,1.224
88.801,0.03325,0.96,0.027,1.224
88.9,0.03325,0.957,0.027,1.2255
89,0.03325,0.954,0.027,1.2255
89.101,0.03315,0.951,0.027,1.227
89.201,0.03325,0.9495,0.027,1.2285
89.3,0.0333,0.9465,0.027,1.2285
89.401,0.03325,0.9435,0.027,1.23
89.501,0.03325,0.942,0.027,1.2315
89.6,0.03325,0.939,0.027,1.2315
89.701,0.03325,0.936,0.027,1.233
89.8,0.0333,0.9345,0.027,1.2345
89.901,0.03325,0.9315,0.0255,1.2345
90,0.03325,0.9285,0.0255,1.236
90.101,0.03325,0.927,0.0255,1.2375
90.201,0.0331,0.924,0.0255,1.2375
90.301,0.0331,0.921,0.0255,1.239
90.401,0.03325,0.9195,0.0255,1.239
90.501,0.03325,0.9165,0.0255,1.2405
90.6,0.0332,0.9135,0.0255,1.242
90.7,0.0332,0.912,0.0255,1.242
90.801,0.0332,0.909,0.0255,1.2435
90.9,0.0332,0.9075,0.0255,1.2435
91.001,0.0332,0.9045,0.0255,1.245
91.1,0.03325,0.903,0.0255,1.2465
91.2,0.03325,0.9,0.0255,1.2465
91.3,0.0332,0.8985,0.0255,1.248
91.401,0.03305,0.8955,0.0255,1.248
91.501,0.0332,0.8925,0.0255,1.2495
91.601,0.0332,0.891,0.0255,1.251
91.7,0.03325,0.888,0.024,1.251
91.799,0.0333,0.8865,0.024,1.251
91.9,0.0332,0.8835,0.024,1.254
92.001,0.0332,0.882,0.024,1.254
92.101,0.0332,0.879,0.024,1.2555
92.201,0.0331,0.8775,0.024,1.2555
92.301,0.0332,0.8745,0.024,1.257
92.4,0.0332,0.8715,0.024,1.2585
92.501,0.0331,0.87,0.024,1.2585
92.6,0.0332,0.867,0.024,1.26
92.701,0.03315,0.8655,0.024,1.26
92.8,0.03315,0.864,0.024,1.2615
92.901,0.0332,0.861,0.024,1.263
93,0.03325,0.8595,0.024,1.263
93.1,0.03315,0.8565,0.024,1.2645
93.2,0.03315,0.855,0.024,1.2645
93.3,0.03315,0.852,0.024,1.266
93.401,0.03305,0.8505,0.024,1.266
93.5,0.03325,0.8475,0.024,1.2675
93.6,0.03315,0.846,0.024,1.269
93.701,0.03305,0.843,0.024,1.269
93.801,0.03305,0.8415,0.024,1.2705
93.9,0.03315,0.84,0.024,1.272
94.001,0.03305,0.837,0.0225,1.272
94.1,0.03325,0.834,0.024,1.272
94.2,0.03325,0.8325,0.0225,1.2735
94.301,0.03315,0.831,0.024,1.275
94.399,0.0333,0.828,0.0225,1.275
94.501,0.0331,0.8265,0.0225,1.2765
94.601,0.03315,0.8235,0.0225,1.278
94.7,0.03325,0.822,0.0225,1.278
94.8,0.03315,0.819,0.0225,1.2795
94.901,0.0331,0.8175,0.0225,1.2795
95.001,0.0331,0.816,0.0225,1.278
95.101,0.0331,0.8145,0.0225,1.281
95.201,0.0331,0.8115,0.0225,1.2825
95.3,0.0332,0.81,0.0225,1.284
95.4,0.0332,0.8085,0.0225,1.284
95.5,0.0331,0.8055,0.0225,1.2855
95.601,0.03315,0.804,0.0225,1.2855
95.701,0.03315,0.8025,0.0225,1.287
95.801,0.0331,0.801,0.0225,1.2885
95.9,0.0332,0.798,0.0225,1.287
96.001,0.0331,0.7965,0.0225,1.29
96.101,0.03305,0.7935,0.0225,1.29
96.2,0.03305,0.792,0.0225,1.2915
96.3,0.0332,0.7905,0.0225,1.293
96.4,0.0332,0.7875,0.021,1.293
96.5,0.03305,0.786,0.0225,1.2945
96.6,0.0331,0.7845,0.0225,1.2945
96.7,0.03315,0.783,0.021,1.296
96.8,0.03315,0.78,0.021,1.296
96.9,0.03305,0.7785,0.021,1.2975
97.001,0.0332,0.777,0.021,1.2975
97.1,0.03315,0.774,0.021,1.299
97.2,0.03305,0.7725,0.021,1.299
97.3,0.03305,0.771,0.021,1.3005
97.401,0.03325,0.7695,0.021,1.3005
97.501,0.03305,0.768,0.021,1.302
97.6,0.03315,0.7665,0.021,1.3035
97.7,0.03315,0.7635,0.021,1.3035
97.801,0.03305,0.762,0.021,1.3035
97.9,0.03305,0.7605,0.021,1.305
98,0.03305,0.759,0.021,1.3065
98.101,0.0332,0.756,0.021,1.3065
98.2,0.03305,0.7545,0.021,1.308
98.3,0.03305,0.753,0.021,1.308
98.401,0.0332,0.7515,0.021,1.308
98.5,0.03315,0.7485,0.021,1.311
98.601,0.0331,0.747,0.021,1.311
98.7,0.0331,0.7455,0.021,1.3125
98.8,0.0331,0.744,0.021,1.3125
98.901,0.03325,0.7425,0.021,1.3125
99.001,0.03315,0.741,0.021,1.314
99.101,0.03315,0.738,0.021,1.3155
99.2,0.03315,0.7365,0.021,1.317
99.301,0.0332,0.735,0.0195,1.3155
99.401,0.0332,0.7335,0.021,1.3185
99.501,0.0332,0.732,0.0195,1.3185
99.6,0.0332,0.729,0.021,1.32
99.7,0.03325,0.7275,0.0195,1.32
99.801,0.0332,0.726,0.0195,1.32
99.901,0.03325,0.7245,0.0195,1.3215
100.001,0.0332,0.723,0.0195,1.323
100.1,0.0332,0.7215,0.0195,1.323
100.201,0.0332,0.72,0.0195,1.323
100.301,0.0332,0.7185,0.0195,1.3245
100.4,0.03305,0.717,0.0195,1.326
100.5,0.0332,0.714,0.0195,1.326
100.6,0.03325,0.7125,0.0195,1.3275
100.7,0.0332,0.711,0.0195,1.329
100.801,0.03325,0.7095,0.0195,1.329
100.901,0.0332,0.708,0.0195,1.3305
101.001,0.0332,0.7065,0.0195,1.3305
101.1,0.03325,0.705,0.0195,1.332
101.201,0.03325,0.7035,0.0195,1.332
101.3,0.0332,0.702,0.0195,1.3335
101.401,0.0332,0.699,0.0195,1.3335
101.5,0.03325,0.6975,0.0195,1.335
101.6,0.0332,0.696,0.0195,1.335
101.701,0.0332,0.6945,0.0195,1.335
101.801,0.03325,0.693,0.0195,1.3365
101.9,0.0332,0.6915,0.0195,1.338
102.002,0.0332,0.69,0.0195,1.338
102.101,0.03325,0.6885,0.0195,1.3395
102.201,0.03325,0.687,0.018,1.341
102.3,0.0332,0.6855,0.018,1.3425
102.4,0.0332,0.684,0.018,1.3425
102.5,0.0332,0.6825,0.018,1.344
102.6,0.0332,0.681,0.018,1.344
102.701,0.03325,0.6795,0.018,1.344
102.8,0.0332,0.678,0.018,1.3455
102.901,0.03325,0.6765,0.018,1.3455
103,0.03325,0.675,0.018,1.347
103.1,0.0332,0.6735,0.018,1.347
103.201,0.03325,0.672,0.018,1.3485
103.3,0.0332,0.6705,0.018,1.3485
103.401,0.03325,0.669,0.018,1.35
103.5,0.03325,0.6675,0.018,1.3515
103.601,0.0332,0.666,0.018,1.35
103.7,0.03325,0.6645,0.018,1.353
103.8,0.0332,0.663,0.018,1.353
103.901,0.0332,0.6615,0.018,1.3545
104,0.0332,0.66,0.018,1.3545
104.101,0.0332,0.6585,0.018,1.356
104.201,0.0332,0.657,0.018,1.356
104.301,0.03325,0.6555,0.018,1.3575
104.4,0.0332,0.654,0.018,1.359
104.5,0.03325,0.6525,0.018,1.359
104.601,0.03325,0.651,0.018,1.359
104.701,0.03325,0.6495,0.018,1.3605
104.8,0.0332,0.648,0.018,1.3605
104.9,0.0332,0.6465,0.018,1.362
105,0.0332,0.645,0.018,1.362
105.1,0.0332,0.6435,0.018,1.3635
105.201,0.03325,0.642,0.018,1.3635
105.301,0.0332,0.6405,0.018,1.365
105.401,0.0332,0.639,0.018,1.365
105.5,0.03325,0.6375,0.018,1.3665
105.601,0.0332,0.636,0.018,1.368
105.701,0.0332,0.6345,0.018,1.368
105.8,0.0332,0.633,0.018,1.3695
105.901,0.0332,0.6315,0.018,1.3695
106,0.0332,0.63,0.018,1.371
106.101,0.0332,0.6285,0.018,1.371
106.201,0.03325,0.627,0.0165,1.3725
106.3,0.03325,0.6255,0.018,1.374
106.4,0.03325,0.6255,0.0165,1.374
106.501,0.03325,0.624,0.018,1.3755
106.599,0.0332,0.6225,0.0165,1.377
106.701,0.0332,0.621,0.0165,1.377
106.8,0.03325,0.6195,0.0165,1.3785
106.901,0.03325,0.618,0.0165,1.3785
107,0.0332,0.6165,0.0165,1.3785
107.101,0.03325,0.615,0.0165,1.38
107.201,0.0332,0.6135,0.0165,1.38
107.301,0.03325,0.612,0.0165,1.3815
107.4,0.03325,0.6105,0.0165,1.3815
107.5,0.03325,0.609,0.0165,1.383
107.601,0.0332,0.609,0.0165,1.3845
107.699,0.03325,0.6075,0.0165,1.386
107.801,0.0332,0.606,0.0165,1.3845
107.901,0.03325,0.6045,0.0165,1.3875
108.001,0.0332,0.603,0.0165,1.3875
108.1,0.0332,0.6015,0.0165,1.3875
108.201,0.03325,0.6,0.0165,1.389
108.301,0.0332,0.5985,0.0165,1.3905
108.399,0.0332,0.597,0.0165,1.3905
108.5,0.03325,0.597,0.0165,1.3905
108.601,0.0332,0.5955,0.0165,1.392
108.701,0.03325,0.594,0.0165,1.3935
108.801,0.0332,0.5925,0.0165,1.395
108.9,0.03325,0.591,0.0165,1.395
109.001,0.0332,0.5895,0.0165,1.395
109.101,0.0332,0.588,0.0165,1.3965
109.201,0.03325,0.5865,0.0165,1.3965
109.3,0.0332,0.5865,0.0165,1.398
109.401,0.03325,0.585,0.0165,1.398
109.501,0.0332,0.5835,0.0165,1.3995
109.601,0.03325,0.582,0.0165,1.401
109.7,0.03325,0.5805,0.0165,1.401
109.801,0.03325,0.579,0.0165,1.401
109.901,0.03325,0.5775,0.0165,1.4025
110,0.03325,0.5775,0.0165,1.404
110.1,0.03325,0.576,0.0165,1.404
110.201,0.03325,0.5745,0.015,1.404
110.302,0.03325,0.573,0.0165,1.404
110.4,0.0332,0.5715,0.015,1.407
110.502,0.0333,0.5715,0.015,1.407
110.601,0.0332,0.57,0.015,1.4085
110.701,0.0332,0.5685,0.0165,1.4085
110.8,0.03325,0.567,0.015,1.41
110.9,0.0332,0.5655,0.015,1.4115
111,0.03325,0.564,0.015,1.4115
111.101,0.0333,0.564,0.015,1.4115
111.201,0.03325,0.5625,0.015,1.413
111.3,0.03325,0.561,0.015,1.413
111.401,0.03335,0.5595,0.015,1.4145
111.5,0.03325,0.558,0.015,1.416
111.601,0.03335,0.558,0.015,1.416
111.701,0.03335,0.5565,0.015,1.4175
111.8,0.03325,0.555,0.015,1.4175
111.9,0.03325,0.5535,0.015,1.419
112,0.03325,0.552,0.015,1.419
112.101,0.0332,0.552,0.015,1.4205
112.201,0.03325,0.5505,0.015,1.4205
112.301,0.03335,0.549,0.015,1.422
112.4,0.03325,0.5475,0.015,1.422
112.5,0.0332,0.546,0.015,1.425
112.6,0.0332,0.5445,0.015,1.4235
112.7,0.03325,0.5445,0.015,1.425
112.801,0.03325,0.543,0.015,1.4265
112.9,0.03325,0.5415,0.015,1.4265
113.001,0.03335,0.54,0.015,1.4265
113.1,0.03325,0.54,0.015,1.428
113.201,0.03325,0.5385,0.015,1.4295
113.3,0.03325,0.537,0.015,1.431
113.4,0.03325,0.5355,0.015,1.431
113.5,0.0333,0.534,0.015,1.431
113.6,0.03325,0.534,0.015,1.4325
113.701,0.03325,0.5325,0.015,1.434
113.8,0.03325,0.531,0.015,1.434
113.901,0.03325,0.531,0.015,1.4355
114,0.0332,0.5295,0.015,1.437
114.101,0.0333,0.528,0.015,1.437
114.2,0.0332,0.528,0.015,1.4385
114.3,0.0333,0.5265,0.015,1.4385
114.401,0.0333,0.525,0.015,1.44
114.5,0.0333,0.525,0.015,1.44
114.6,0.0333,0.5235,0.0135,1.44
114.7,0.0333,0.522,0.015,1.4415
114.801,0.0333,0.522,0.015,1.4415
114.901,0.03335,0.5205,0.015,1.443
115,0.03335,0.519,0.0135,1.443
115.101,0.0333,0.519,0.0135,1.4445
115.201,0.03335,0.5175,0.0135,1.4445
115.3,0.03325,0.5175,0.0135,1.446
115.4,0.03335,0.516,0.0135,1.4475
115.501,0.0333,0.5145,0.0135,1.4475
115.601,0.0333,0.5145,0.0135,1.449
115.7,0.03335,0.513,0.0135,1.449
115.8,0.03335,0.513,0.0135,1.4505
115.901,0.0333,0.5115,0.0135,1.4505
116,0.03335,0.51,0.0135,1.452
116.1,0.03335,0.51,0.0135,1.452
116.201,0.03335,0.5085,0.0135,1.4535
116.3,0.03335,0.507,0.0135,1.4535
116.4,0.03335,0.5055,0.0135,1.455
116.501,0.0333,0.5055,0.0135,1.455
116.6,0.0333,0.504,0.0135,1.4565
116.701,0.03335,0.5025,0.0135,1.4565
116.8,0.03335,0.501,0.0135,1.458
116.901,0.0333,0.501,0.0135,1.458
117.001,0.03335,0.4995,0.0135,1.4595
117.1,0.03325,0.498,0.0135,1.461
117.2,0.03335,0.498,0.0135,1.461
117.301,0.0333,0.4965,0.0135,1.4625
117.401,0.0333,0.495,0.0135,1.4625
117.5,0.0333,0.495,0.0135,1.464
117.6,0.0333,0.4935,0.0135,1.464
117.7,0.03335,0.492,0.0135,1.4655
117.801,0.03325,0.492,0.0135,1.467
117.901,0.0333,0.4905,0.0135,1.467
118,0.03335,0.489,0.0135,1.4685
118.101,0.03325,0.4875,0.0135,1.4685
118.201,0.03325,0.4875,0.0135,1.47
118.301,0.03335,0.486,0.0135,1.47
118.4,0.03335,0.4845,0.0135,1.4715
118.5,0.0333,0.4845,0.0135,1.4715
118.601,0.03325,0.483,0.0135,1.473
118.701,0.03325,0.4815,0.0135,1.473
118.8,0.0333,0.4815,0.0135,1.4745
118.901,0.03335,0.48,0.0135,1.4745
119,0.03335,0.4785,0.0135,1.476
119.101,0.0333,0.4785,0.0135,1.4775
119.2,0.0333,0.477,0.0135,1.4775
119.301,0.03325,0.4755,0.0135,1.4775
119.4,0.03325,0.4755,0.0135,1.479
119.501,0.03325,0.474,0.0135,1.4805
119.6,0.03325,0.474,0.0135,1.4805
119.701,0.0333,0.4725,0.0135,1.482
119.8,0.0333,0.471,0.012,1.482
119.9,0.03325,0.4695,0.012,1.4835
120,0.03325,0.4695,0.012,1.4835
120.101,0.03325,0.468,0.012,1.485
120.201,0.03325,0.468,0.012,1.4865
120.3,0.03325,0.4665,0.012,1.4865
120.401,0.0332,0.465,0.012,1.488
120.5,0.0333,0.465,0.012,1.488
120.601,0.0332,0.4635,0.012,1.488
120.7,0.03325,0.4635,0.012,1.4895
120.801,0.03325,0.462,0.012,1.4925
120.901,0.0332,0.4605,0.012,1.491
121.001,0.03325,0.4605,0.012,1.491
121.1,0.03325,0.459,0.012,1.4925
121.2,0.03325,0.459,0.012,1.494
121.3,0.03325,0.4575,0.012,1.494
121.4,0.03325,0.456,0.012,1.4955
121.5,0.03325,0.456,0.012,1.4955
121.601,0.03325,0.4545,0.012,1.4955
121.7,0.0333,0.453,0.012,1.497
121.8,0.03325,0.453,0.012,1.4985
121.9,0.03325,0.4515,0.012,1.4985
122.001,0.03325,0.4515,0.012,1.5
122.1,0.0332,0.45,0.012,1.5
122.2,0.0332,0.45,0.012,1.5015
122.301,0.0332,0.4485,0.012,1.5015
122.4,0.0333,0.447,0.012,1.503
122.5,0.0332,0.447,0.012,1.503
122.6,0.0332,0.4455,0.012,1.5045
122.7,0.0332,0.444,0.012,1.5045
122.8,0.0332,0.444,0.012,1.506
122.901,0.0332,0.4425,0.012,1.5075
123,0.03325,0.4425,0.012,1.5075
123.1,0.03315,0.441,0.012,1.509
123.203,0.03325,0.441,0.012,1.5105
123.301,0.03315,0.4395,0.012,1.5105
123.4,0.0332,0.438,0.012,1.5105
123.501,0.0332,0.438,0.012,1.5135
123.6,0.03315,0.4365,0.012,1.512
123.7,0.03315,0.4365,0.012,1.5135
123.8,0.0331,0.435,0.012,1.5165
123.901,0.03305,0.4335,0.012,1.515
124,0.0331,0.4335,0.012,1.5165
124.101,0.03315,0.432,0.012,1.5165
124.201,0.0331,0.432,0.012,1.518
124.3,0.03315,0.432,0.012,1.518
124.4,0.0331,0.4305,0.0105,1.5195
124.5,0.0331,0.4305,0.012,1.5195
124.601,0.0331,0.429,0.012,1.521
124.7,0.0331,0.4275,0.012,1.521
124.8,0.0331,0.4275,0.012,1.5225
124.901,0.0331,0.426,0.0105,1.5255
125.001,0.03305,0.426,0.0105,1.524
125.1,0.03305,0.4245,0.0105,1.524
125.2,0.0331,0.4245,0.012,1.5255
125.301,0.0331,0.423,0.012,1.527
125.401,0.03305,0.423,0.0105,1.527
125.5,0.03305,0.4215,0.012,1.5285
125.6,0.03305,0.42,0.0105,1.5285
125.7,0.03315,0.42,0.0105,1.53
125.8,0.03315,0.4185,0.0105,1.53
125.9,0.0331,0.4185,0.0105,1.5315
126.001,0.03325,0.417,0.0105,1.533
126.101,0.0331,0.417,0.0105,1.533
126.201,0.03315,0.4155,0.0105,1.5345
126.301,0.03315,0.4155,0.0105,1.5345
126.401,0.03325,0.414,0.0105,1.536
126.501,0.03315,0.414,0.0105,1.536
126.6,0.0332,0.4125,0.0105,1.5375
126.701,0.03325,0.4125,0.0105,1.539
126.801,0.0332,0.411,0.0105,1.539
126.9,0.0331,0.411,0.0105,1.539
127,0.03325,0.4095,0.0105,1.539
127.101,0.03325,0.4095,0.0105,1.5405
127.201,0.0332,0.408,0.0105,1.542
127.301,0.0332,0.408,0.0105,1.542
127.401,0.03325,0.4065,0.0105,1.545
127.5,0.03325,0.405,0.0105,1.545
127.601,0.03325,0.405,0.0105,1.545
127.701,0.03325,0.4035,0.0105,1.5465
127.8,0.03305,0.4035,0.0105,1.5465
127.9,0.0331,0.402,0.0105,1.5465
128.001,0.03325,0.402,0.0105,1.548
128.1,0.03315,0.4005,0.0105,1.548
128.2,0.03315,0.4005,0.0105,1.5495
128.3,0.0332,0.399,0.0105,1.551
128.401,0.0332,0.399,0.0105,1.5525
128.5,0.0332,0.3975,0.0105,1.551
128.601,0.03325,0.3975,0.0105,1.554
128.7,0.03325,0.396,0.0105,1.554
128.801,0.0332,0.396,0.0105,1.5555
128.901,0.03325,0.3945,0.0105,1.5555
129.001,0.03325,0.3945,0.0105,1.557
129.1,0.0332,0.393,0.0105,1.557
129.2,0.03325,0.393,0.0105,1.5585
129.301,0.03325,0.3915,0.0105,1.5585
129.4,0.03325,0.3915,0.0105,1.56
129.501,0.0332,0.39,0.0105,1.5615
129.6,0.03325,0.39,0.0105,1.5615
129.701,0.03325,0.3885,0.0105,1.563
129.8,0.03325,0.3885,0.0105,1.563
129.9,0.03325,0.387,0.0105,1.563
130,0.03325,0.387,0.0105,1.5645
130.101,0.03325,0.3855,0.0105,1.566
130.2,0.03325,0.3855,0.0105,1.566
130.3,0.03325,0.384,0.0105,1.5675
130.401,0.03325,0.384,0.0105,1.5675
130.5,0.03325,0.384,0.0105,1.569
130.6,0.03325,0.3825,0.0105,1.569
130.701,0.03325,0.3825,0.0105,1.5705
130.801,0.03325,0.381,0.009,1.572
130.9,0.03325,0.381,0.0105,1.572
131.001,0.03325,0.3795,0.0105,1.5735
131.101,0.0332,0.3795,0.0105,1.5735
131.2,0.03325,0.378,0.009,1.575
131.3,0.03325,0.378,0.009,1.575
131.401,0.03325,0.3765,0.009,1.5765
131.501,0.03325,0.3765,0.0105,1.5765
131.599,0.03325,0.375,0.0105,1.5765
131.701,0.03325,0.375,0.009,1.578
131.8,0.03325,0.375,0.0105,1.5795
131.901,0.03325,0.3735,0.009,1.581
132,0.03325,0.3735,0.009,1.581
132.1,0.03325,0.372,0.009,1.581
132.2,0.03325,0.372,0.009,1.5825
132.3,0.03325,0.3705,0.009,1.5825
132.4,0.03325,0.3705,0.009,1.584
132.501,0.03325,0.369,0.009,1.584
132.6,0.03325,0.369,0.009,1.5855
132.701,0.03325,0.3675,0.009,1.5855
132.801,0.03325,0.3675,0.009,1.587
132.9,0.03325,0.366,0.009,1.587
133.001,0.03325,0.366,0.009,1.5885
133.101,0.03325,0.366,0.009,1.59
133.2,0.03325,0.3645,0.009,1.59
133.301,0.03325,0.3645,0.009,1.5915
133.401,0.03325,0.363,0.009,1.5915
133.5,0.03325,0.363,0.009,1.593
133.601,0.03325,0.3615,0.009,1.5945
133.701,0.03325,0.3615,0.009,1.593
133.8,0.03325,0.36,0.009,1.5945
133.9,0.03325,0.36,0.009,1.596
134.001,0.03325,0.36,0.009,1.596
134.1,0.03325,0.3585,0.009,1.596
134.2,0.0332,0.3585,0.009,1.5975
134.301,0.03325,0.357,0.009,1.599
134.4,0.03325,0.357,0.009,1.599
134.5,0.03325,0.357,0.009,1.6005
134.601,0.0333,0.3555,0.009,1.602
134.701,0.03335,0.3555,0.009,1.602
134.8,0.03325,0.354,0.009,1.6035
134.9,0.03325,0.354,0.009,1.6035
135.001,0.03325,0.3525,0.009,1.605
135.1,0.03325,0.3525,0.009,1.605
135.201,0.03335,0.351,0.009,1.6065
135.3,0.03325,0.351,0.009,1.6065
135.401,0.03335,0.351,0.009,1.608
135.501,0.03325,0.3495,0.009,1.608
135.6,0.03325,0.3495,0.009,1.6095
135.701,0.03325,0.348,0.009,1.6095
135.8,0.03325,0.348,0.009,1.6095
135.901,0.03325,0.348,0.009,1.611
136.001,0.03325,0.3465,0.009,1.6125
136.1,0.0333,0.3465,0.009,1.614
136.201,0.03335,0.345,0.009,1.614
136.301,0.0333,0.345,0.009,1.614
136.4,0.0333,0.345,0.009,1.6155
136.5,0.0333,0.3435,0.009,1.617
136.601,0.03335,0.3435,0.009,1.617
136.701,0.03335,0.342,0.009,1.617
136.801,0.0333,0.342,0.009,1.6185
136.9,0.03335,0.342,0.009,1.62
137.001,0.03335,0.3405,0.009,1.62
137.101,0.03335,0.3405,0.009,1.6215
137.201,0.03335,0.339,0.009,1.6215
137.3,0.03335,0.339,0.009,1.623
137.401,0.0333,0.3375,0.009,1.623
137.501,0.0334,0.3375,0.009,1.6245
137.6,0.03335,0.3375,0.009,1.6245
137.7,0.03335,0.3375,0.009,1.626
137.801,0.03335,0.336,0.009,1.626
137.901,0.03335,0.336,0.009,1.6275
138,0.03335,0.3345,0.009,1.629
138.101,0.0333,0.3345,0.009,1.629
138.201,0.03335,0.3345,0.009,1.6305
138.301,0.0333,0.333,0.009,1.6305
138.4,0.03335,0.333,0.009,1.632
138.501,0.0333,0.333,0.009,1.632
138.601,0.03335,0.3315,0.009,1.632
138.7,0.03335,0.3315,0.009,1.632
138.8,0.03335,0.3315,0.009,1.632
138.901,0.0333,0.33,0.009,1.6335
139.001,0.03335,0.33,0.009,1.6335
139.1,0.03335,0.33,0.009,1.6335
139.2,0.03335,0.3285,0.009,1.6335
139.301,0.03325,0.3285,0.009,1.6335
139.401,0.0333,0.3285,0.009,1.6335
139.5,0.03335,0.3285,0.009,1.6335
139.601,0.03325,0.327,0.009,1.6335
139.701,0.03325,0.327,0.009,1.6305
139.801,0.0333,0.327,0.009,1.632
139.9,0.0333,0.327,0.009,1.632
140.001,0.0333,0.327,0.009,1.632
140.101,0.0333,0.327,0.009,1.632
140.2,0.0333,0.3255,0.009,1.632
140.301,0.03325,0.3255,0.009,1.632
140.401,0.0333,0.3255,0.009,1.632
140.5,0.0333,0.3255,0.009,1.6305
140.601,0.03325,0.3255,0.009,1.6305
140.701,0.0333,0.3255,0.009,1.629
140.8,0.0333,0.3255,0.009,1.629
140.901,0.0333,0.3255,0.009,1.629
141,0.03325,0.3255,0.009,1.629
141.1,0.03325,0.3255,0.009,1.629
141.201,0.03325,0.3255,0.009,1.6275
141.301,0.03315,0.3255,0.009,1.6275
141.401,0.03315,0.327,0.009,1.6275
141.5,0.03325,0.327,0.0075,1.626
141.601,0.03325,0.327,0.009,1.626
141.7,0.03325,0.327,0.009,1.626
141.8,0.03325,0.327,0.009,1.6245
141.9,0.03325,0.327,0.009,1.6245
142.001,0.03315,0.327,0.009,1.6245
142.101,0.03325,0.327,0.009,1.623
142.2,0.03315,0.327,0.009,1.623
142.3,0.0332,0.3285,0.009,1.623
142.401,0.0331,0.3285,0.009,1.6215
142.501,0.03325,0.3285,0.009,1.6215
142.6,0.0332,0.3285,0.009,1.6215
142.701,0.0331,0.33,0.009,1.62
142.801,0.0332,0.33,0.009,1.62
142.901,0.03315,0.33,0.009,1.6185
143,0.0332,0.33,0.009,1.6185
143.101,0.03305,0.33,0.009,1.617
143.201,0.0332,0.3315,0.009,1.617
143.301,0.03315,0.3315,0.009,1.617
143.4,0.03315,0.3315,0.009,1.6155
143.501,0.03305,0.3315,0.009,1.614
143.601,0.03315,0.333,0.009,1.6155
143.7,0.03315,0.333,0.009,1.614
143.8,0.03315,0.333,0.009,1.614
143.901,0.0331,0.333,0.009,1.6125
144.001,0.0331,0.3345,0.009,1.6125
144.1,0.0331,0.3345,0.009,1.611
144.201,0.0331,0.3345,0.009,1.6095
144.301,0.0331,0.336,0.009,1.6095
144.401,0.03315,0.336,0.009,1.6095
144.5,0.0331,0.336,0.009,1.6095
144.601,0.0332,0.336,0.009,1.6065
144.701,0.0331,0.3375,0.009,1.608
144.801,0.0331,0.336,0.009,1.6065
144.901,0.0332,0.3375,0.009,1.6065
145.001,0.0332,0.3375,0.009,1.605
145.101,0.03305,0.3375,0.009,1.605
145.2,0.0331,0.339,0.009,1.605
145.3,0.03305,0.339,0.009,1.6035
145.401,0.03305,0.339,0.009,1.6035
145.501,0.03305,0.3405,0.009,1.602
145.6,0.03305,0.3405,0.009,1.602
145.701,0.03305,0.3405,0.009,1.6005
145.801,0.0331,0.3405,0.009,1.6005
145.9,0.03305,0.342,0.009,1.599
146.001,0.03325,0.342,0.009,1.599
146.101,0.03305,0.342,0.009,1.5975
146.199,0.03315,0.3435,0.009,1.599
146.301,0.03325,0.3435,0.009,1.596
146.401,0.0331,0.3435,0.009,1.596
146.501,0.0331,0.345,0.009,1.596
146.6,0.03315,0.345,0.009,1.5945
146.701,0.03325,0.345,0.009,1.593
146.801,0.0332,0.3465,0.009,1.5945
146.9,0.0331,0.3465,0.009,1.593
147,0.0332,0.3465,0.009,1.593
147.101,0.03325,0.348,0.009,1.5915
147.201,0.0332,0.348,0.009,1.5915
147.3,0.0332,0.348,0.009,1.59
147.4,0.0332,0.3495,0.009,1.59
147.501,0.0332,0.3495,0.009,1.587
147.6,0.0331,0.351,0.009,1.5885
147.7,0.03325,0.351,0.009,1.587
147.801,0.03325,0.351,0.009,1.587
147.901,0.03325,0.351,0.009,1.587
148.001,0.03325,0.3525,0.009,1.5855
148.1,0.0332,0.3525,0.009,1.5855
148.201,0.03325,0.354,0.009,1.584
148.301,0.03325,0.354,0.009,1.584
148.401,0.0332,0.354,0.009,1.5825
148.5,0.0332,0.3555,0.009,1.5825
148.601,0.0332,0.3555,0.009,1.581
148.701,0.03325,0.3555,0.009,1.581
148.8,0.0332,0.357,0.009,1.581
148.901,0.03325,0.357,0.009,1.5795
149.001,0.0332,0.3585,0.009,1.578
149.101,0.03325,0.3585,0.009,1.578
149.2,0.03325,0.3585,0.009,1.578
149.301,0.03325,0.36,0.009,1.578
149.401,0.0332,0.36,0.009,1.5765
149.5,0.03325,0.36,0.009,1.5765
149.601,0.03325,0.3615,0.009,1.5735
149.701,0.03325,0.3615,0.009,1.575
149.801,0.03325,0.3615,0.009,1.5735
149.9,0.03325,0.363,0.009,1.572
150.001,0.0332,0.363,0.009,1.572
150.1,0.03325,0.3645,0.009,1.572
150.201,0.03325,0.3645,0.009,1.5705
150.301,0.03325,0.3645,0.009,1.5705
150.4,0.03325,0.366,0.009,1.569
150.501,0.03325,0.366,0.0105,1.5675
150.6,0.03325,0.3675,0.009,1.5675
150.703,0.03325,0.3675,0.009,1.566
150.801,0.03325,0.3675,0.009,1.566
150.901,0.03325,0.369,0.009,1.566
151,0.03325,0.369,0.009,1.566
151.101,0.0332,0.3705,0.0105,1.5645
151.2,0.03325,0.3705,0.009,1.5645
151.301,0.03325,0.372,0.0105,1.563
151.401,0.03325,0.372,0.0105,1.563
151.501,0.0332,0.372,0.0105,1.5615
151.6,0.0332,0.3735,0.0105,1.56
151.702,0.0332,0.3735,0.0105,1.5585
151.801,0.0332,0.3735,0.0105,1.56
151.901,0.03335,0.375,0.0105,1.557
152,0.03325,0.375,0.0105,1.5585
152.101,0.0332,0.3765,0.0105,1.557
152.201,0.03325,0.3765,0.0105,1.557
152.3,0.03325,0.3765,0.0105,1.557
152.401,0.0332,0.378,0.0105,1.5555
152.501,0.03325,0.378,0.0105,1.554
152.601,0.03325,0.3795,0.0105,1.5525
152.7,0.03325,0.3795,0.0105,1.554
152.801,0.03325,0.3795,0.0105,1.551
152.901,0.0332,0.381,0.0105,1.5525
153.001,0.0332,0.381,0.0105,1.551
153.1,0.0332,0.3825,0.0105,1.5495
153.2,0.03325,0.3825,0.0105,1.551
153.301,0.0332,0.3825,0.0105,1.5495
153.4,0.0332,0.384,0.0105,1.548
153.5,0.03325,0.384,0.0105,1.548
153.601,0.03325,0.3855,0.0105,1.5465
153.701,0.03325,0.3855,0.0105,1.5465
153.8,0.03325,0.387,0.0105,1.5465
153.901,0.03325,0.387,0.0105,1.545
154.001,0.03325,0.387,0.0105,1.5435
154.101,0.03325,0.3885,0.0105,1.545
154.2,0.0332,0.3885,0.0105,1.5435
154.301,0.0332,0.39,0.0105,1.542
154.401,0.03325,0.39,0.0105,1.542
154.5,0.03325,0.39,0.0105,1.542
154.6,0.03325,0.3915,0.0105,1.5405
154.701,0.0332,0.3915,0.0105,1.539
154.801,0.0332,0.393,0.0105,1.539
154.901,0.03325,0.393,0.0105,1.539
155.001,0.03325,0.393,0.0105,1.5375
155.1,0.03325,0.3945,0.0105,1.5375
155.201,0.0332,0.3945,0.0105,1.5375
155.3,0.0332,0.396,0.0105,1.5375
155.401,0.03325,0.396,0.0105,1.536
155.5,0.03325,0.3975,0.0105,1.536
155.601,0.03325,0.3975,0.0105,1.5345
155.701,0.03325,0.3975,0.0105,1.533
155.801,0.03325,0.399,0.0105,1.533
155.9,0.03325,0.399,0.0105,1.533
156.001,0.0333,0.4005,0.0105,1.5315
156.101,0.03325,0.4005,0.0105,1.5315
156.2,0.0332,0.402,0.0105,1.53
156.3,0.0332,0.402,0.0105,1.53
156.401,0.0332,0.402,0.0105,1.5285
156.501,0.0332,0.4035,0.0105,1.5285
156.6,0.0332,0.405,0.0105,1.527
156.7,0.03325,0.405,0.0105,1.527
156.801,0.0332,0.405,0.0105,1.5255
156.901,0.03325,0.4065,0.0105,1.5255
157,0.03325,0.4065,0.0105,1.524
157.101,0.03335,0.408,0.0105,1.524
157.201,0.03335,0.408,0.0105,1.5225
157.301,0.03325,0.4095,0.0105,1.5225
157.4,0.03325,0.4095,0.0105,1.5225
157.5,0.03325,0.411,0.0105,1.521
157.601,0.03335,0.411,0.0105,1.5195
157.699,0.0332,0.4125,0.0105,1.521
157.8,0.03325,0.4125,0.0105,1.518
157.901,0.03335,0.414,0.0105,1.518
158.001,0.0333,0.414,0.0105,1.518
158.1,0.0333,0.4155,0.0105,1.5165
158.201,0.0333,0.4155,0.0105,1.5165
158.302,0.0333,0.4155,0.0105,1.515
158.401,0.0333,0.417,0.0105,1.515
158.5,0.0333,0.417,0.012,1.515
158.601,0.03335,0.4185,0.0105,1.5135
158.701,0.0333,0.4185,0.0105,1.5135
158.8,0.0333,0.42,0.0105,1.512
158.9,0.0333,0.42,0.0105,1.512
159.001,0.03335,0.4215,0.0105,1.5105
159.101,0.03335,0.4215,0.0105,1.5105
159.201,0.03335,0.423,0.012,1.509
159.3,0.03335,0.423,0.0105,1.509
159.4,0.03335,0.423,0.012,1.509
159.501,0.0333,0.4245,0.012,1.5075
159.601,0.03335,0.4245,0.012,1.5075
159.7,0.03335,0.426,0.0105,1.506
159.801,0.0333,0.426,0.012,1.506
159.901,0.0333,0.4275,0.012,1.5045
160.001,0.0333,0.4275,0.012,1.5045
160.101,0.0333,0.429,0.012,1.503
160.2,0.03335,0.429,0.012,1.503
160.301,0.0333,0.4305,0.012,1.503
160.401,0.0333,0.4305,0.012,1.5015
160.502,0.03325,0.4305,0.012,1.5015
160.6,0.03335,0.432,0.012,1.5
160.701,0.03325,0.432,0.012,1.5
160.801,0.03335,0.4335,0.012,1.4985
160.9,0.0333,0.4335,0.012,1.4985
161,0.0333,0.4335,0.012,1.4985
161.101,0.03335,0.435,0.012,1.497
161.2,0.0333,0.435,0.012,1.497
161.301,0.03325,0.4365,0.012,1.4955
161.401,0.03335,0.4365,0.012,1.4955
161.501,0.0333,0.438,0.012,1.4955
161.6,0.03335,0.438,0.012,1.494
161.701,0.03325,0.4395,0.012,1.494
161.8,0.0333,0.4395,0.012,1.4925
161.901,0.0333,0.441,0.012,1.4925
162,0.03325,0.441,0.012,1.491
162.1,0.03335,0.4425,0.012,1.491
162.2,0.0333,0.4425,0.012,1.4895
162.301,0.03325,0.444,0.012,1.4895
162.4,0.03315,0.444,0.012,1.4895
162.501,0.03325,0.4455,0.012,1.488
162.601,0.0333,0.4455,0.012,1.488
162.701,0.03325,0.447,0.012,1.488
162.8,0.03325,0.4485,0.012,1.4865
162.9,0.03325,0.4485,0.012,1.4865
163,0.03335,0.4485,0.012,1.485
163.1,0.03325,0.45,0.012,1.485
163.2,0.03325,0.4515,0.012,1.4835
163.3,0.03325,0.4515,0.012,1.4835
163.399,0.03335,0.4515,0.012,1.4835
163.501,0.0332,0.453,0.012,1.482
163.6,0.0333,0.453,0.012,1.482
163.7,0.03325,0.4545,0.012,1.4805
163.8,0.03325,0.4545,0.012,1.4805
163.899,0.03325,0.456,0.012,1.479
164,0.03325,0.456,0.012,1.479
164.101,0.03315,0.4575,0.012,1.4775
164.2,0.03325,0.4575,0.012,1.4775
164.3,0.03325,0.459,0.012,1.4775
164.401,0.03315,0.459,0.012,1.476
164.501,0.03325,0.4605,0.012,1.476
164.6,0.03315,0.4605,0.012,1.4745
164.701,0.03315,0.462,0.012,1.4745
164.801,0.0331,0.462,0.012,1.473
164.901,0.03315,0.4635,0.012,1.473
165,0.0331,0.4635,0.012,1.4715
165.1,0.0332,0.465,0.012,1.4715
165.201,0.0331,0.465,0.012,1.4715
165.301,0.0331,0.4665,0.012,1.47
165.4,0.0332,0.4665,0.012,1.47
165.5,0.0332,0.468,0.012,1.4685
165.601,0.0331,0.468,0.012,1.4685
165.7,0.0332,0.4695,0.012,1.4685
165.801,0.0331,0.4695,0.012,1.4685
165.901,0.03305,0.471,0.012,1.467
166.001,0.03305,0.4725,0.012,1.467
166.1,0.03315,0.4725,0.012,1.4655
166.201,0.03305,0.474,0.012,1.4655
166.301,0.03305,0.474,0.012,1.464
166.401,0.03305,0.4755,0.012,1.464
166.5,0.03315,0.4755,0.012,1.464
166.601,0.03305,0.477,0.012,1.4625
166.701,0.03305,0.477,0.012,1.4625
166.8,0.03315,0.4785,0.012,1.461
166.901,0.0331,0.4785,0.012,1.461
167.014,0.03325,0.48,0.012,1.461
167.101,0.03315,0.48,0.012,1.4595
167.2,0.0331,0.48,0.012,1.458
167.299,0.0332,0.4815,0.012,1.458
167.399,0.0332,0.4815,0.0135,1.4565
167.5,0.0331,0.483,0.012,1.4565
167.601,0.0332,0.483,0.012,1.4565
167.7,0.0331,0.4845,0.012,1.455
167.801,0.0332,0.4845,0.012,1.455
167.901,0.03325,0.486,0.012,1.455
168.001,0.03325,0.4875,0.012,1.4535
168.1,0.0331,0.4875,0.012,1.4535
168.201,0.0332,0.489,0.0135,1.452
168.3,0.03305,0.489,0.012,1.452
168.401,0.03325,0.4905,0.012,1.452
168.5,0.03305,0.4905,0.0135,1.4505
168.6,0.03305,0.492,0.0135,1.4505
168.701,0.03325,0.492,0.0135,1.4505
168.8,0.0332,0.4935,0.012,1.449
168.899,0.0331,0.4935,0.0135,1.4475
169,0.03315,0.495,0.0135,1.4475
169.101,0.03315,0.495,0.0135,1.4475
169.2,0.03325,0.4965,0.0135,1.4475
169.301,0.03325,0.498,0.0135,1.4475
169.401,0.03325,0.498,0.0135,1.446
169.501,0.03325,0.4995,0.0135,1.446
169.6,0.03325,0.4995,0.0135,1.4445
169.7,0.03325,0.501,0.0135,1.4445
169.8,0.03325,0.501,0.0135,1.443
169.9,0.0332,0.5025,0.0135,1.4415
170.001,0.03325,0.5025,0.0135,1.443
170.1,0.03325,0.504,0.0135,1.4415
170.201,0.0332,0.504,0.0135,1.4415
170.301,0.03325,0.5055,0.0135,1.44
170.4,0.03325,0.5055,0.0135,1.44
170.501,0.03325,0.507,0.0135,1.44
170.601,0.03325,0.5085,0.0135,1.4385
170.7,0.0332,0.5085,0.0135,1.4385
170.8,0.0332,0.51,0.0135,1.4385
170.9,0.0332,0.51,0.0135,1.437
171,0.03315,0.5115,0.0135,1.4355
171.099,0.03315,0.5115,0.0135,1.4355
171.201,0.03325,0.513,0.0135,1.4355
171.3,0.03325,0.513,0.0135,1.434
171.401,0.03325,0.5145,0.0135,1.434
171.5,0.03325,0.516,0.0135,1.434
171.601,0.03325,0.516,0.0135,1.434
171.7,0.03325,0.516,0.0135,1.4325
171.8,0.03325,0.5175,0.0135,1.431
171.9,0.03325,0.519,0.0135,1.431
172,0.03325,0.519,0.0135,1.431
172.1,0.03325,0.5205,0.0135,1.4295
172.2,0.0332,0.5205,0.0135,1.4295
172.3,0.03325,0.522,0.0135,1.428
172.399,0.03325,0.522,0.0135,1.428
172.5,0.03325,0.5235,0.0135,1.428
172.601,0.03325,0.525,0.0135,1.428
172.7,0.03325,0.525,0.0135,1.425
172.8,0.03325,0.5265,0.0135,1.4265
172.9,0.0332,0.5265,0.0135,1.425
173,0.03325,0.528,0.0135,1.425
173.101,0.03325,0.528,0.0135,1.425
173.2,0.03325,0.5295,0.0135,1.4235
173.301,0.03325,0.5295,0.0135,1.4235
173.401,0.03325,0.531,0.0135,1.4235
173.501,0.03325,0.531,0.0135,1.422
173.6,0.03325,0.5325,0.0135,1.4205
173.7,0.03325,0.5325,0.0135,1.4205
173.8,0.03325,0.534,0.0135,1.4205
173.901,0.03325,0.534,0.0135,1.4205
174,0.03325,0.5355,0.0135,1.4205
174.1,0.03325,0.537,0.0135,1.4175
174.199,0.03325,0.537,0.0135,1.4175
174.301,0.03325,0.5385,0.0135,1.419
174.401,0.03325,0.5385,0.0135,1.4175
174.5,0.03325,0.54,0.0135,1.416
174.601,0.03325,0.5415,0.0135,1.4175
174.7,0.03325,0.5415,0.0135,1.4145
174.8,0.03325,0.543,0.015,1.413
174.9,0.03325,0.543,0.0135,1.413
175,0.0332,0.5445,0.015,1.413
175.099,0.03325,0.5445,0.0135,1.4115
175.2,0.03325,0.546,0.0135,1.4115
175.301,0.03325,0.5475,0.015,1.4115
175.4,0.03325,0.5475,0.015,1.41
175.5,0.03325,0.549,0.015,1.4115
175.601,0.03325,0.549,0.015,1.41
175.701,0.0333,0.5505,0.015,1.41
175.801,0.0333,0.552,0.015,1.41
175.9,0.03325,0.552,0.015,1.4085
176,0.03325,0.5535,0.015,1.407
176.101,0.0333,0.5535,0.015,1.4085
176.2,0.0332,0.555,0.015,1.407
176.3,0.03325,0.555,0.015,1.4055
176.4,0.03325,0.5565,0.015,1.4055
176.501,0.03335,0.5565,0.015,1.4055
176.6,0.03325,0.558,0.015,1.404
176.7,0.03325,0.5595,0.015,1.404
176.8,0.0332,0.5595,0.015,1.404
176.9,0.0334,0.561,0.015,1.4025
177,0.03335,0.5625,0.015,1.4025
177.101,0.03325,0.5625,0.015,1.401
177.2,0.03325,0.564,0.015,1.401
177.301,0.03335,0.564,0.015,1.3995
177.4,0.03325,0.5655,0.015,1.3995
177.5,0.03325,0.567,0.015,1.3995
177.6,0.0333,0.567,0.015,1.398
177.699,0.03325,0.5685,0.015,1.3965
177.8,0.03325,0.5685,0.015,1.3965
177.9,0.0333,0.57,0.015,1.3965
177.999,0.03325,0.5715,0.015,1.395
178.1,0.0333,0.5715,0.015,1.395
178.201,0.0333,0.573,0.015,1.395
178.3,0.03335,0.573,0.015,1.395
178.4,0.0333,0.5745,0.015,1.3935
178.5,0.03335,0.576,0.015,1.3935
178.599,0.03325,0.576,0.015,1.392
178.7,0.03335,0.576,0.015,1.392
178.8,0.0333,0.5775,0.015,1.392
178.9,0.0333,0.579,0.015,1.392
179.001,0.0333,0.579,0.015,1.3905
179.101,0.03325,0.5805,0.015,1.3905
179.2,0.03335,0.5805,0.015,1.389
179.301,0.03335,0.582,0.015,1.389
179.4,0.03335,0.5835,0.015,1.389
179.5,0.03335,0.5835,0.015,1.3875
179.6,0.03335,0.585,0.015,1.3875
179.699,0.0333,0.585,0.015,1.386
179.8,0.03335,0.5865,0.015,1.386
179.9,0.03335,0.588,0.015,1.386
180.001,0.03325,0.588,0.015,1.3845
180.1,0.03335,0.5895,0.015,1.3845
180.2,0.03335,0.591,0.015,1.3845
180.3,0.03335,0.591,0.015,1.383
180.4,0.0333,0.5925,0.015,1.383
180.501,0.03325,0.5925,0.015,1.383
180.601,0.0333,0.594,0.015,1.3815
180.7,0.0333,0.5955,0.015,1.3815
180.801,0.03325,0.5955,0.015,1.3815
180.9,0.0333,0.597,0.0165,1.38
180.999,0.0333,0.5985,0.015,1.3785
181.1,0.0333,0.5985,0.015,1.3785
181.198,0.0333,0.6,0.0165,1.3785
181.301,0.0333,0.6,0.0165,1.377
181.401,0.03325,0.6015,0.0165,1.377
181.5,0.03325,0.603,0.0165,1.3755
181.6,0.0333,0.603,0.0165,1.3755
181.701,0.0332,0.6045,0.0165,1.3755
181.801,0.03325,0.606,0.0165,1.374
181.9,0.03325,0.606,0.0165,1.374
182,0.0333,0.6075,0.0165,1.374
182.101,0.03325,0.609,0.0165,1.3725
182.201,0.03325,0.609,0.0165,1.3725
182.3,0.0332,0.6105,0.0165,1.371
182.4,0.03325,0.612,0.0165,1.371
182.5,0.03325,0.612,0.0165,1.371
182.6,0.0332,0.612,0.0165,1.3695
182.7,0.0333,0.6135,0.0165,1.3695
182.8,0.03325,0.615,0.0165,1.3695
182.901,0.0332,0.6165,0.0165,1.368
183,0.03325,0.6165,0.0165,1.368
183.101,0.0332,0.618,0.0165,1.368
183.201,0.03315,0.618,0.0165,1.3665
183.301,0.0332,0.6195,0.0165,1.365
183.4,0.03325,0.621,0.0165,1.365
183.508,0.03335,0.621,0.0165,1.3605
183.6,0.03325,0.6225,0.0165,1.3635
183.7,0.03315,0.624,0.0165,1.3635
183.8,0.03325,0.624,0.0165,1.3635
183.901,0.03315,0.6255,0.0165,1.362
184.001,0.0332,0.6255,0.0165,1.362
184.106,0.0332,0.627,0.0165,1.359
184.2,0.0333,0.6285,0.0165,1.3605
184.3,0.03315,0.6285,0.0165,1.3605
184.4,0.03325,0.63,0.0165,1.359
184.501,0.03315,0.6315,0.0165,1.359
184.6,0.03325,0.6315,0.0165,1.359
184.7,0.03325,0.633,0.0165,1.3575
184.801,0.0331,0.6345,0.0165,1.3575
184.9,0.0332,0.6345,0.0165,1.356
185.001,0.0331,0.636,0.0165,1.356
185.1,0.0332,0.6375,0.0165,1.356
185.201,0.03325,0.6375,0.0165,1.356
185.3,0.0331,0.639,0.0165,1.3545
185.4,0.0332,0.639,0.0165,1.3545
185.501,0.0331,0.6405,0.0165,1.353
185.601,0.03305,0.642,0.0165,1.353
185.7,0.03315,0.642,0.0165,1.353
185.8,0.0332,0.6435,0.0165,1.3515
185.9,0.03305,0.645,0.018,1.3515
186.001,0.0331,0.645,0.0165,1.35
186.101,0.0331,0.6465,0.018,1.35
186.199,0.03325,0.648,0.0165,1.35
186.3,0.03315,0.648,0.018,1.3485
186.401,0.03305,0.6495,0.0165,1.3485
186.5,0.03305,0.651,0.018,1.347
186.601,0.03305,0.651,0.018,1.347
186.701,0.03305,0.6525,0.018,1.3455
186.8,0.03315,0.654,0.018,1.3455
186.9,0.03315,0.654,0.018,1.3455
187.001,0.03305,0.6555,0.018,1.344
187.1,0.03315,0.657,0.018,1.344
187.2,0.03315,0.657,0.018,1.344
187.301,0.03305,0.6585,0.018,1.344
187.401,0.03305,0.66,0.018,1.3425
187.5,0.03315,0.66,0.018,1.3425
187.6,0.03315,0.6615,0.018,1.3425
187.7,0.03315,0.663,0.018,1.341
187.8,0.0332,0.6645,0.018,1.341
187.9,0.0331,0.6645,0.018,1.341
188.001,0.03315,0.666,0.018,1.3395
188.1,0.0331,0.6675,0.018,1.338
188.2,0.03315,0.6675,0.018,1.338
188.3,0.0331,0.669,0.018,1.3365
188.4,0.0331,0.6705,0.018,1.3365
188.501,0.0332,0.6705,0.018,1.3365
188.599,0.0332,0.672,0.018,1.3365
188.7,0.0331,0.6735,0.018,1.3365
188.801,0.0332,0.6735,0.018,1.335
188.901,0.03305,0.675,0.018,1.3335
189,0.0332,0.675,0.018,1.335
189.101,0.03305,0.6765,0.018,1.332
189.2,0.03305,0.678,0.018,1.3335
189.301,0.0332,0.678,0.018,1.332
189.401,0.03305,0.6795,0.018,1.332
189.501,0.03305,0.681,0.018,1.332
189.6,0.03305,0.6825,0.018,1.3305
189.701,0.03305,0.6825,0.018,1.3305
189.8,0.03305,0.684,0.018,1.329
189.9,0.03305,0.6855,0.018,1.329
190,0.03315,0.6855,0.018,1.329
190.099,0.03315,0.687,0.018,1.329
190.201,0.0332,0.6885,0.018,1.326
190.301,0.03305,0.69,0.018,1.326
190.4,0.03315,0.69,0.018,1.326
190.5,0.03305,0.6915,0.018,1.326
190.601,0.03305,0.693,0.018,1.3245
190.7,0.0331,0.693,0.0195,1.3245
190.8,0.0331,0.6945,0.0195,1.323
190.9,0.0331,0.696,0.0195,1.323
191,0.0331,0.696,0.018,1.323
191.1,0.0331,0.6975,0.018,1.3215
191.201,0.03325,0.699,0.0195,1.3215
191.301,0.03315,0.7005,0.0195,1.3215
191.401,0.03315,0.7005,0.0195,1.32
191.5,0.0331,0.702,0.0195,1.32
191.6,0.03315,0.7035,0.0195,1.32
191.7,0.0332,0.7035,0.0195,1.3185
191.8,0.0331,0.705,0.0195,1.3185
191.9,0.0332,0.7065,0.0195,1.317
192.001,0.0332,0.708,0.0195,1.3155
192.1,0.0332,0.708,0.0195,1.317
192.201,0.0332,0.7095,0.0195,1.314
192.3,0.03325,0.711,0.0195,1.3155
192.4,0.03305,0.711,0.0195,1.3155
192.501,0.0332,0.7125,0.0195,1.314
192.6,0.03325,0.714,0.0195,1.3125
192.701,0.0332,0.714,0.0195,1.3125
192.799,0.03305,0.7155,0.0195,1.3125
192.901,0.03325,0.717,0.0195,1.311
193.001,0.0332,0.7185,0.0195,1.311
193.1,0.03305,0.7185,0.0195,1.311
193.2,0.0332,0.72,0.0195,1.3095
193.301,0.0332,0.7215,0.0195,1.308
193.4,0.0332,0.7215,0.0195,1.3095
193.5,0.0332,0.723,0.0195,1.308
193.601,0.0332,0.7245,0.0195,1.3065
193.701,0.03325,0.7245,0.0195,1.3065
193.8,0.03325,0.726,0.0195,1.3035
193.901,0.0332,0.7275,0.0195,1.3065
194,0.0332,0.729,0.0195,1.305
194.101,0.0332,0.729,0.0195,1.305
194.2,0.0332,0.7305,0.0195,1.305
194.3,0.03325,0.732,0.0195,1.3035
194.401,0.03325,0.7335,0.0195,1.302
194.5,0.03325,0.7335,0.0195,1.3035
194.6,0.0332,0.735,0.021,1.302
194.701,0.03325,0.7365,0.0195,1.302
194.801,0.0332,0.738,0.0195,1.3005
194.9,0.0332,0.738,0.0195,1.3005
195,0.0332,0.7395,0.0195,1.3005
195.101,0.0332,0.741,0.0195,1.299
195.2,0.0332,0.7425,0.021,1.299
195.3,0.03325,0.744,0.021,1.299
195.4,0.03325,0.744,0.0195,1.2975
195.5,0.0332,0.7455,0.021,1.2975
195.601,0.0332,0.747,0.021,1.296
195.7,0.0332,0.747,0.0195,1.2975
195.801,0.0332,0.7485,0.021,1.296
195.9,0.03325,0.75,0.021,1.296
196,0.0332,0.7515,0.0195,1.296
196.1,0.0332,0.7515,0.021,1.2945
196.2,0.0332,0.753,0.021,1.293
196.301,0.0332,0.7545,0.021,1.293
196.4,0.03325,0.756,0.021,1.293
196.501,0.0332,0.7575,0.021,1.2915
196.6,0.0332,0.7575,0.021,1.2915
196.7,0.03325,0.759,0.021,1.2915
196.8,0.03325,0.7605,0.021,1.2915
196.9,0.03325,0.762,0.021,1.29
197.001,0.0332,0.762,0.021,1.2885
197.1,0.0332,0.7635,0.021,1.2885
197.2,0.0332,0.765,0.021,1.2885
197.3,0.03325,0.7665,0.021,1.287
197.4,0.0332,0.768,0.021,1.287
197.501,0.0332,0.768,0.021,1.287
197.6,0.0332,0.7695,0.021,1.2855
197.7,0.0332,0.771,0.021,1.2855
197.8,0.0332,0.7725,0.021,1.284
197.901,0.03325,0.7725,0.021,1.284
198.001,0.0332,0.774,0.021,1.284
198.1,0.03325,0.7755,0.021,1.2825
198.201,0.03325,0.777,0.021,1.2825
198.3,0.03325,0.7785,0.021,1.2825
198.4,0.0332,0.78,0.021,1.281
198.5,0.0332,0.7815,0.021,1.281
198.6,0.0332,0.783,0.021,1.2795
198.701,0.03325,0.7845,0.021,1.2795
198.8,0.0332,0.7845,0.021,1.2795
198.901,0.0332,0.786,0.021,1.278
199,0.0332,0.7875,0.021,1.278
199.101,0.0332,0.789,0.021,1.278
199.201,0.03325,0.7905,0.021,1.2765
199.3,0.03325,0.792,0.0225,1.2765
199.399,0.0332,0.7935,0.0225,1.2765
199.5,0.03325,0.795,0.021,1.275
199.6,0.0332,0.7965,0.021,1.2735
199.7,0.0332,0.7965,0.021,1.275
199.801,0.0332,0.798,0.0225,1.2735
199.9,0.0332,0.7995,0.0225,1.2735
200,0.03325,0.801,0.0225,1.2735
200.1,0.0332,0.8025,0.0225,1.272
200.2,0.0332,0.8025,0.0225,1.272
200.3,0.0332,0.804,0.0225,1.272
200.4,0.0332,0.8055,0.0225,1.269
200.499,0.0332,0.807,0.0225,1.2705
200.601,0.03325,0.8085,0.0225,1.269
200.7,0.0332,0.81,0.0225,1.269
200.801,0.0332,0.8115,0.0225,1.269
200.9,0.03325,0.813,0.0225,1.269
201.001,0.0332,0.813,0.0225,1.2675
201.101,0.0332,0.8145,0.0225,1.266
201.201,0.0332,0.816,0.0225,1.266
201.3,0.0332,0.816,0.0225,1.266
201.4,0.0332,0.8175,0.0225,1.2645
201.501,0.0332,0.819,0.0225,1.263
201.6,0.0332,0.8205,0.0225,1.2645
201.7,0.0332,0.822,0.0225,1.263
201.801,0.03325,0.822,0.0225,1.2615
201.901,0.0332,0.8235,0.0225,1.2615
202.001,0.0332,0.825,0.0225,1.2615
202.1,0.0332,0.8265,0.0225,1.2615
202.201,0.0332,0.8265,0.0225,1.26
202.301,0.03325,0.828,0.0225,1.2585
202.4,0.03325,0.8295,0.0225,1.2585
202.501,0.0332,0.831,0.0225,1.2585
202.6,0.0332,0.8325,0.0225,1.2585
202.7,0.0332,0.834,0.0225,1.2585
202.8,0.0332,0.834,0.0225,1.257
202.901,0.0333,0.8355,0.0225,1.2555
203,0.03325,0.837,0.0225,1.2555
203.101,0.0333,0.8385,0.0225,1.254
203.2,0.03325,0.84,0.0225,1.2555
203.301,0.0333,0.8415,0.024,1.254
203.4,0.0332,0.8415,0.0225,1.254
203.501,0.03325,0.843,0.024,1.254
203.6,0.0332,0.8445,0.024,1.2525
203.7,0.0332,0.846,0.0225,1.2525
203.801,0.0333,0.8475,0.024,1.251
203.901,0.0333,0.8475,0.024,1.251
204,0.0332,0.849,0.024,1.251
204.1,0.03315,0.8505,0.024,1.2495
204.201,0.0333,0.852,0.024,1.2495
204.301,0.0332,0.8535,0.024,1.2495
204.4,0.0332,0.8535,0.024,1.248
204.5,0.0332,0.855,0.024,1.2495
204.6,0.0332,0.8565,0.024,1.248
204.7,0.0332,0.858,0.024,1.2465
204.799,0.0332,0.8595,0.024,1.248
204.901,0.03335,0.8595,0.024,1.2465
205,0.0332,0.861,0.024,1.245
205.101,0.0333,0.8625,0.024,1.245
205.2,0.03325,0.864,0.024,1.245
205.3,0.0332,0.8655,0.024,1.2435
205.401,0.03335,0.8655,0.024,1.2435
205.5,0.0332,0.867,0.024,1.2435
205.6,0.0332,0.8685,0.024,1.2435
205.7,0.0332,0.87,0.024,1.242
205.8,0.03325,0.8715,0.024,1.242
205.9,0.03325,0.8715,0.024,1.242
206,0.03325,0.873,0.024,1.2405
206.1,0.03325,0.8745,0.024,1.2405
206.2,0.03325,0.876,0.024,1.239
206.301,0.03325,0.8775,0.024,1.239
206.4,0.03325,0.879,0.024,1.2375
206.501,0.03325,0.879,0.024,1.2375
206.601,0.0333,0.8805,0.024,1.2375
206.7,0.03325,0.882,0.024,1.236
206.801,0.03325,0.8835,0.024,1.236
206.9,0.0333,0.885,0.024,1.236
207,0.0333,0.8865,0.024,1.2345
207.1,0.03335,0.888,0.024,1.2345
207.2,0.03325,0.888,0.024,1.2345
207.301,0.0333,0.8895,0.024,1.233
207.401,0.03325,0.891,0.024,1.233
207.5,0.0333,0.8925,0.024,1.233
207.601,0.0333,0.894,0.024,1.2315
207.7,0.0333,0.8955,0.0255,1.2315
207.8,0.03325,0.897,0.0255,1.2315
207.901,0.0333,0.897,0.0255,1.23
208.001,0.0333,0.8985,0.0255,1.23
208.101,0.0333,0.9,0.0255,1.23
208.2,0.0333,0.9015,0.0255,1.2285
208.301,0.0333,0.903,0.0255,1.2285
208.401,0.0333,0.9045,0.0255,1.227
208.5,0.03335,0.906,0.0255,1.227
208.601,0.0333,0.906,0.0255,1.227
208.7,0.0333,0.9075,0.0255,1.227
208.801,0.03335,0.909,0.0255,1.2255
208.9,0.0333,0.9105,0.0255,1.2255
209,0.0333,0.912,0.0255,1.2255
209.1,0.03335,0.9135,0.0255,1.224
209.2,0.0333,0.9135,0.0255,1.224
209.299,0.03325,0.915,0.0255,1.224
209.4,0.03335,0.9165,0.0255,1.2225
209.501,0.0333,0.918,0.0255,1.2225
209.601,0.0333,0.9195,0.0255,1.221
209.7,0.0333,0.921,0.0255,1.221
209.8,0.03335,0.9225,0.0255,1.221
209.901,0.0333,0.924,0.0255,1.221
210.001,0.03335,0.924,0.0255,1.2195
210.1,0.03335,0.9255,0.0255,1.2195
210.2,0.03335,0.927,0.0255,1.2195
210.301,0.03335,0.9285,0.0255,1.218
210.4,0.03335,0.93,0.0255,1.218
210.5,0.0333,0.9315,0.0255,1.2165
210.601,0.0333,0.933,0.0255,1.2165
210.701,0.03335,0.9345,0.0255,1.2165
210.799,0.0333,0.9345,0.027,1.2165
210.901,0.03335,0.936,0.027,1.215
211,0.03335,0.9375,0.027,1.215
211.101,0.0333,0.939,0.027,1.2135
211.201,0.03325,0.9405,0.027,1.2135
211.301,0.03335,0.942,0.0255,1.2135
211.4,0.0333,0.9435,0.027,1.2135
211.5,0.0333,0.945,0.027,1.212
211.601,0.03325,0.9465,0.027,1.212
211.701,0.0333,0.9465,0.027,1.212
211.8,0.0333,0.948,0.027,1.2105
211.9,0.0333,0.9495,0.027,1.2105
212.001,0.03325,0.951,0.027,1.2105
212.101,0.03325,0.9525,0.027,1.209
212.201,0.03325,0.954,0.027,1.209
212.3,0.0333,0.9555,0.027,1.209
212.4,0.0333,0.957,0.027,1.2075
212.501,0.03325,0.9585,0.027,1.2075
212.6,0.0333,0.9585,0.027,1.2075
212.7,0.0333,0.96,0.027,1.206
212.8,0.03335,0.9615,0.027,1.206
212.9,0.0333,0.963,0.027,1.206
212.999,0.0333,0.9645,0.027,1.2045
213.101,0.0333,0.966,0.027,1.2045
213.2,0.0333,0.9675,0.027,1.2045
213.301,0.0332,0.969,0.027,1.203
213.401,0.0333,0.9705,0.027,1.203
213.501,0.0333,0.9705,0.027,1.2015
213.6,0.0333,0.972,0.027,1.2015
213.7,0.03335,0.9735,0.027,1.2015
213.8,0.0333,0.975,0.027,1.2015
213.9,0.0333,0.9765,0.027,1.2
214,0.03325,0.978,0.027,1.2
214.101,0.0332,0.9795,0.027,1.2
214.201,0.03325,0.981,0.027,1.2
214.301,0.03325,0.9825,0.027,1.1985
214.4,0.03325,0.984,0.027,1.1985
214.5,0.03325,0.9855,0.0285,1.1985
214.601,0.0332,0.987,0.027,1.197
214.701,0.03325,0.987,0.0285,1.197
214.8,0.03325,0.9885,0.0285,1.197
214.901,0.0332,0.99,0.027,1.1955
215,0.0333,0.9915,0.0285,1.1955
215.1,0.03325,0.993,0.0285,1.1955
215.2,0.0332,0.9945,0.0285,1.194
215.301,0.03315,0.996,0.0285,1.194
215.401,0.03315,0.9975,0.0285,1.1925
215.5,0.0332,0.999,0.0285,1.1925
215.6,0.0332,1.0005,0.0285,1.1925
215.701,0.03315,1.002,0.0285,1.191
215.801,0.03315,1.002,0.0285,1.191
215.9,0.0332,1.005,0.0285,1.191
216.001,0.03315,1.005,0.0285,1.1895
216.101,0.0332,1.0065,0.0285,1.1895
216.2,0.0332,1.008,0.0285,1.1895
216.3,0.03325,1.0095,0.0285,1.1895
216.401,0.0332,1.011,0.0285,1.188
216.5,0.03325,1.0125,0.0285,1.188
216.6,0.0332,1.014,0.0285,1.188
216.701,0.0332,1.0155,0.0285,1.1865
216.8,0.0332,1.017,0.0285,1.1865
216.9,0.03315,1.0185,0.0285,1.185
217.001,0.0331,1.02,0.0285,1.185
217.1,0.0332,1.02,0.0285,1.185
217.201,0.0331,1.023,0.0285,1.185
217.301,0.0331,1.023,0.0285,1.185
217.4,0.0332,1.026,0.0285,1.1835
217.5,0.0332,1.026,0.0285,1.1835
217.601,0.0331,1.0275,0.0285,1.182
217.7,0.03315,1.029,0.03,1.182
217.8,0.0332,1.0305,0.03,1.182
217.901,0.03305,1.032,0.0285,1.182
218.001,0.03305,1.0335,0.0285,1.182
218.1,0.03315,1.035,0.03,1.1805
218.2,0.03315,1.038,0.03,1.179
218.301,0.03305,1.038,0.03,1.1805
218.401,0.03305,1.0395,0.03,1.179
218.5,0.03305,1.0425,0.03,1.179
218.601,0.03315,1.0425,0.03,1.1775
218.7,0.03315,1.044,0.03,1.1775
218.8,0.03315,1.0455,0.03,1.176
218.9,0.03315,1.047,0.03,1.176
219.001,0.03305,1.0485,0.03,1.176
219.101,0.03305,1.05,0.03,1.176
219.201,0.03305,1.0515,0.03,1.176
219.301,0.03305,1.053,0.03,1.1745
219.4,0.03315,1.0545,0.03,1.1745
219.5,0.0331,1.056,0.03,1.173
219.601,0.03305,1.0575,0.03,1.1745
219.701,0.03305,1.059,0.03,1.173
219.801,0.03305,1.0605,0.03,1.173
219.9,0.0331,1.062,0.03,1.1715
220.001,0.0331,1.062,0.03,1.1715
220.1,0.0331,1.0635,0.03,1.17
220.201,0.0331,1.065,0.03,1.1715
220.301,0.0331,1.0665,0.03,1.17
220.401,0.0331,1.068,0.03,1.1685
220.5,0.0331,1.0695,0.03,1.1685
220.6,0.0331,1.071,0.03,1.1685
220.7,0.0331,1.0725,0.03,1.1685
220.8,0.0331,1.074,0.03,1.167
220.9,0.0332,1.0755,0.0315,1.167
221.001,0.0331,1.077,0.0315,1.167
221.1,0.0331,1.0785,0.0315,1.1655
221.201,0.03315,1.08,0.03,1.1655
221.301,0.0332,1.0815,0.0315,1.1655
221.4,0.03305,1.083,0.0315,1.164
221.5,0.03305,1.0845,0.0315,1.164
221.6,0.03305,1.086,0.0315,1.164
221.7,0.03305,1.0875,0.0315,1.164
221.799,0.03305,1.089,0.0315,1.1625
221.9,0.03305,1.0905,0.0315,1.1625
222.001,0.0332,1.092,0.0315,1.1625
222.1,0.03305,1.0935,0.0315,1.161
222.2,0.03305,1.095,0.0315,1.161
222.3,0.03315,1.0965,0.0315,1.161
222.401,0.03305,1.098,0.0315,1.1595
222.5,0.03305,1.0995,0.0315,1.1595
222.599,0.03315,1.101,0.0315,1.1595
222.7,0.03315,1.1025,0.0315,1.158
222.801,0.03305,1.104,0.0315,1.158
222.9,0.03315,1.1055,0.0315,1.158
223,0.03305,1.107,0.0315,1.158
223.101,0.0332,1.1085,0.0315,1.1565
223.201,0.03305,1.1085,0.0315,1.1565
223.301,0.0332,1.11,0.0315,1.1565
223.4,0.03305,1.113,0.0315,1.155
223.5,0.03305,1.113,0.0315,1.155
223.6,0.033,1.1145,0.0315,1.155
223.701,0.0332,1.116,0.0315,1.155
223.8,0.03305,1.119,0.0315,1.1535
223.901,0.0332,1.119,0.033,1.1535
224.001,0.0332,1.1205,0.0315,1.155
224.1,0.033,1.122,0.033,1.152
224.2,0.03305,1.1235,0.0315,1.152
224.3,0.03305,1.125,0.033,1.152
224.401,0.0332,1.1265,0.033,1.152
224.501,0.03305,1.128,0.033,1.1505
224.6,0.0331,1.1295,0.033,1.149
224.701,0.0332,1.131,0.033,1.1505
224.799,0.0331,1.1325,0.033,1.149
224.901,0.0332,1.134,0.033,1.1505
225.001,0.033,1.137,0.033,1.149
225.1,0.0331,1.137,0.033,1.1475
225.2,0.033,1.1385,0.033,1.1475
225.3,0.03305,1.14,0.033,1.1475
225.4,0.03305,1.1415,0.033,1.1475
225.501,0.0332,1.143,0.033,1.1475
225.6,0.03305,1.1445,0.033,1.146
225.701,0.0332,1.146,0.033,1.146
225.8,0.0331,1.149,0.033,1.1445
225.9,0.0331,1.1505,0.033,1.1445
226,0.0331,1.152,0.033,1.1445
226.1,0.0331,1.152,0.033,1.143
226.2,0.0331,1.155,0.033,1.143
226.301,0.0332,1.1565,0.033,1.143
226.401,0.0332,1.158,0.033,1.143
226.501,0.03315,1.1595,0.033,1.1415
226.601,0.0331,1.161,0.033,1.1415
